"design","n","p","n_cal","n_inf","augmentation","strength","method","coverage","coverage_se","rel_width","rel_width_se","reps","alpha_total","alpha_baseline","alpha_inf","eta","delta"
"Gaussian design",420,20,210,210,"Dropout",0.1,"Credible",0.658,0.00635686582180318,0.625802051310241,0,1000,0.025,0.025,0.025,0,0
"Gaussian design",420,20,210,210,"Dropout",0.1,"Oracle",0.986,0.00216739162943945,1,0,1000,0.025,0.025,0.025,0,0
"Gaussian design",420,20,210,210,"Dropout",0.1,"Split",0.998666666666667,0.000665664913032906,1.26314436230587,0.00064689473931138,1000,0.025,0.025,0.0125,0,0.0125
"Gaussian design",420,20,210,210,"Dropout",0.25,"Credible",0.214333333333333,0.0061453766803535,0.398979845145492,0,1000,0.025,0.025,0.025,0,0
"Gaussian design",420,20,210,210,"Dropout",0.25,"Oracle",0.986,0.00216739162943945,1,0,1000,0.025,0.025,0.025,0,0
"Gaussian design",420,20,210,210,"Dropout",0.25,"Split",1,0,1.37364132768315,0.00108494975830297,1000,0.025,0.025,0.0125,0,0.0125
"Gaussian design",420,20,210,210,"Dropout",0.4,"Credible",0.00666666666666667,0.00147646799339278,0.276948218998256,0,1000,0.025,0.025,0.025,0,0
"Gaussian design",420,20,210,210,"Dropout",0.4,"Oracle",0.986,0.00221811432127681,1,0,1000,0.025,0.025,0.025,0,0
"Gaussian design",420,20,210,210,"Dropout",0.4,"Split",1,0,1.43493735390969,0.00132719464530214,1000,0.025,0.025,0.0125,0,0.0125
"Gaussian design",420,20,210,210,"Gaussian",0.05,"Credible",0.971666666666667,0.0030887045263681,0.983561462269986,0,1000,0.025,0.025,0.025,0,0
"Gaussian design",420,20,210,210,"Gaussian",0.05,"Oracle",0.974666666666667,0.00294961960451972,1,0,1000,0.025,0.025,0.025,0,0
"Gaussian design",420,20,210,210,"Gaussian",0.05,"Split",0.99,0.00179904694303308,1.11969961952696,2.64771321905719e-05,1000,0.025,0.025,0.0125,0,0.0125
"Gaussian design",420,20,210,210,"Gaussian",0.1,"Credible",0.969333333333333,0.0032597142279591,0.938603755847174,0,1000,0.025,0.025,0.025,0,0
"Gaussian design",420,20,210,210,"Gaussian",0.1,"Oracle",0.98,0.0025486043775294,1,0,1000,0.025,0.025,0.025,0,0
"Gaussian design",420,20,210,210,"Gaussian",0.1,"Split",0.992333333333333,0.00158091019821894,1.13476125401429,9.97918548480257e-05,1000,0.025,0.025,0.0125,0,0.0125
"Gaussian design",420,20,210,210,"Gaussian",0.2,"Credible",0.935333333333333,0.0047206939763434,0.80391619913483,0,1000,0.025,0.025,0.025,0,0
"Gaussian design",420,20,210,210,"Gaussian",0.2,"Oracle",0.984333333333333,0.00228127249670095,1,0,1000,0.025,0.025,0.025,0,0
"Gaussian design",420,20,210,210,"Gaussian",0.2,"Split",0.996333333333333,0.00109999443886926,1.18379962650662,0.000327689968209595,1000,0.025,0.025,0.0125,0,0.0125
"UCI Wine",178,13,89,89,"Dropout",0.1,"Credible",0.62,0.00514931105034276,0.664495091073676,0,1000,0.025,0.025,0.025,0,0
"UCI Wine",178,13,89,89,"Dropout",0.1,"Oracle",0.987,0.00219905339540354,1,0,1000,0.025,0.025,0.025,0,0
"UCI Wine",178,13,89,89,"Dropout",0.1,"Split",0.998666666666667,0.000665664913032903,1.6546081348031,0.00322671792127228,1000,0.025,0.025,0.0125,0,0.0125
"UCI Wine",178,13,89,89,"Dropout",0.25,"Credible",0.299666666666667,0.00363498307986158,0.474123923613412,0,1000,0.025,0.025,0.025,0,0
"UCI Wine",178,13,89,89,"Dropout",0.25,"Oracle",0.988666666666667,0.00202432103516987,1,0,1000,0.025,0.025,0.025,0,0
"UCI Wine",178,13,89,89,"Dropout",0.25,"Split",0.999666666666667,0.000333333333333342,1.88393811091857,0.0044949705263666,1000,0.025,0.025,0.0125,0,0.0125
"UCI Wine",178,13,89,89,"Dropout",0.4,"Credible",0.181666666666667,0.00525170049944906,0.357107108808721,0,1000,0.025,0.025,0.025,0,0
"UCI Wine",178,13,89,89,"Dropout",0.4,"Oracle",0.988,0.00207478895158956,1,0,1000,0.025,0.025,0.025,0,0
"UCI Wine",178,13,89,89,"Dropout",0.4,"Split",1,0,1.98235757069296,0.00500542645900538,1000,0.025,0.025,0.0125,0,0.0125
"UCI Wine",178,13,89,89,"Gaussian",0.05,"Credible",0.976333333333333,0.00286808168628896,0.983408212145667,0,1000,0.025,0.025,0.025,0,0
"UCI Wine",178,13,89,89,"Gaussian",0.05,"Oracle",0.978333333333333,0.00276573968092615,1,0,1000,0.025,0.025,0.025,0,0
"UCI Wine",178,13,89,89,"Gaussian",0.05,"Split",0.990333333333333,0.00176972022858566,1.14556751084368,0.000190905801616547,1000,0.025,0.025,0.0125,0,0.0125
"UCI Wine",178,13,89,89,"Gaussian",0.1,"Credible",0.972,0.00321519028358678,0.939418249008791,0,1000,0.025,0.025,0.025,0,0
"UCI Wine",178,13,89,89,"Gaussian",0.1,"Oracle",0.984333333333333,0.00237678218143405,1,0,1000,0.025,0.025,0.025,0,0
"UCI Wine",178,13,89,89,"Gaussian",0.1,"Split",0.995666666666667,0.0011946102964679,1.22783304243747,0.000691452221259513,1000,0.025,0.025,0.0125,0,0.0125
"UCI Wine",178,13,89,89,"Gaussian",0.2,"Credible",0.922333333333333,0.00502148647688595,0.817331456376869,0,1000,0.025,0.025,0.025,0,0
"UCI Wine",178,13,89,89,"Gaussian",0.2,"Oracle",0.986666666666667,0.00227172099339408,1,0,1000,0.025,0.025,0.025,0,0
"UCI Wine",178,13,89,89,"Gaussian",0.2,"Split",0.997666666666667,0.000879264715414584,1.44890893987644,0.00201596735822829,1000,0.025,0.025,0.0125,0,0.0125
"UCI Breast Cancer",569,25,284,285,"Dropout",0.1,"Credible",0.81,0.0063198053719984,0.735754828376889,0,1000,0.025,0.025,0.025,0,0
"UCI Breast Cancer",569,25,284,285,"Dropout",0.1,"Oracle",0.987666666666667,0.00199071920746319,1,0,1000,0.025,0.025,0.025,0,0
"UCI Breast Cancer",569,25,284,285,"Dropout",0.1,"Split",1,0,1.34653837198668,0.000703654112451078,1000,0.025,0.025,0.0125,0,0.0125
"UCI Breast Cancer",569,25,284,285,"Dropout",0.25,"Credible",0.441333333333333,0.0052416205220149,0.568065804712849,0,1000,0.025,0.025,0.025,0,0
"UCI Breast Cancer",569,25,284,285,"Dropout",0.25,"Oracle",0.986666666666667,0.00211975995602333,1,0,1000,0.025,0.025,0.025,0,0
"UCI Breast Cancer",569,25,284,285,"Dropout",0.25,"Split",1,0,1.57760599141898,0.00144163207195674,1000,0.025,0.025,0.0125,0,0.0125
"UCI Breast Cancer",569,25,284,285,"Dropout",0.4,"Credible",0.327666666666667,0.00144259525892782,0.505936018556388,0,1000,0.025,0.025,0.025,0,0
"UCI Breast Cancer",569,25,284,285,"Dropout",0.4,"Oracle",0.987333333333333,0.00207081826539373,1,0,1000,0.025,0.025,0.025,0,0
"UCI Breast Cancer",569,25,284,285,"Dropout",0.4,"Split",1,0,1.84359265212763,0.00226106968280753,1000,0.025,0.025,0.0125,0,0.0125
"UCI Breast Cancer",569,25,284,285,"Gaussian",0.05,"Credible",0.979333333333333,0.0025866369460538,1.00112968912929,0,1000,0.025,0.025,0.025,0,0
"UCI Breast Cancer",569,25,284,285,"Gaussian",0.05,"Oracle",0.981666666666667,0.00240432543154643,1,0,1000,0.025,0.025,0.025,0,0
"UCI Breast Cancer",569,25,284,285,"Gaussian",0.05,"Split",0.997666666666667,0.00087926471541458,1.36137537950773,0.000745368957404667,1000,0.025,0.025,0.0125,0,0.0125
"UCI Breast Cancer",569,25,284,285,"Gaussian",0.1,"Credible",0.955333333333333,0.00365398054127523,0.996690225986582,0,1000,0.025,0.025,0.025,0,0
"UCI Breast Cancer",569,25,284,285,"Gaussian",0.1,"Oracle",0.984,0.00230322825963289,1,0,1000,0.025,0.025,0.025,0,0
"UCI Breast Cancer",569,25,284,285,"Gaussian",0.1,"Split",0.997666666666667,0.00087926471541458,1.92301950012821,0.00236757757793362,1000,0.025,0.025,0.0125,0,0.0125
"UCI Breast Cancer",569,25,284,285,"Gaussian",0.2,"Credible",0.684333333333333,0.00323668701135532,0.953556870706758,0,1000,0.025,0.025,0.025,0,0
"UCI Breast Cancer",569,25,284,285,"Gaussian",0.2,"Oracle",0.986666666666667,0.00211975995602333,1,0,1000,0.025,0.025,0.025,0,0
"UCI Breast Cancer",569,25,284,285,"Gaussian",0.2,"Split",0.998,0.000814450733109949,3.13451251427777,0.00582938160002943,1000,0.025,0.025,0.0125,0,0.0125
"UCI Auto MPG",392,7,196,196,"Dropout",0.1,"Credible",0.326666666666667,0.00147646799339276,0.48403244062119,0,1000,0.025,0.025,0.025,0,0
"UCI Auto MPG",392,7,196,196,"Dropout",0.1,"Oracle",0.986,0.00216739162943945,1,0,1000,0.025,0.025,0.025,0,0
"UCI Auto MPG",392,7,196,196,"Dropout",0.1,"Split",0.997,0.000995987947714232,1.47358889338106,0.0030544219213346,1000,0.025,0.025,0.0125,0,0.0125
"UCI Auto MPG",392,7,196,196,"Dropout",0.25,"Credible",0.328,0.00132328546343981,0.421687121422764,0,1000,0.025,0.025,0.025,0,0
"UCI Auto MPG",392,7,196,196,"Dropout",0.25,"Oracle",0.986,0.00216739162943945,1,0,1000,0.025,0.025,0.025,0,0
"UCI Auto MPG",392,7,196,196,"Dropout",0.25,"Split",0.999333333333333,0.000471168523519273,1.5026602350602,0.0030573005028795,1000,0.025,0.025,0.0125,0,0.0125
"UCI Auto MPG",392,7,196,196,"Dropout",0.4,"Credible",0.329333333333333,0.00114832573136661,0.409096301987128,0,1000,0.025,0.025,0.025,0,0
"UCI Auto MPG",392,7,196,196,"Dropout",0.4,"Oracle",0.985666666666667,0.00219074300420336,1,0,1000,0.025,0.025,0.025,0,0
"UCI Auto MPG",392,7,196,196,"Dropout",0.4,"Split",1,0,1.54732025953775,0.00300505497211213,1000,0.025,0.025,0.0125,0,0.0125
"UCI Auto MPG",392,7,196,196,"Gaussian",0.05,"Credible",0.974,0.00349644305014282,0.918283124985856,0,1000,0.025,0.025,0.025,0,0
"UCI Auto MPG",392,7,196,196,"Gaussian",0.05,"Oracle",0.985333333333333,0.00240638308846647,1,0,1000,0.025,0.025,0.025,0,0
"UCI Auto MPG",392,7,196,196,"Gaussian",0.05,"Split",0.994333333333333,0.00136331816322967,1.18210746004421,0.000591253024545442,1000,0.025,0.025,0.0125,0,0.0125
"UCI Auto MPG",392,7,196,196,"Gaussian",0.1,"Credible",0.877666666666667,0.00745960835888713,0.772952734174505,0,1000,0.025,0.025,0.025,0,0
"UCI Auto MPG",392,7,196,196,"Gaussian",0.1,"Oracle",0.986,0.00226770276031547,1,0,1000,0.025,0.025,0.025,0,0
"UCI Auto MPG",392,7,196,196,"Gaussian",0.1,"Split",0.996,0.00114832573136661,1.2978195016099,0.00159952799737852,1000,0.025,0.025,0.0125,0,0.0125
"UCI Auto MPG",392,7,196,196,"Gaussian",0.2,"Credible",0.326333333333333,0.00158400272101275,0.583434486694167,0,1000,0.025,0.025,0.025,0,0
"UCI Auto MPG",392,7,196,196,"Gaussian",0.2,"Oracle",0.986,0.00226770276031547,1,0,1000,0.025,0.025,0.025,0,0
"UCI Auto MPG",392,7,196,196,"Gaussian",0.2,"Split",0.996333333333333,0.00109999443886926,1.42807212024873,0.00272102912763156,1000,0.025,0.025,0.0125,0,0.0125
