"design","source","rho","sparsity","n_cal","n_inf","p","phi0_sq","radius","alpha_total","alpha_baseline","alpha_inf","eta","delta","augmentation","strength","method","coverage","coverage_se","rel_width","rel_width_se","reps"
"Block iid","Simulated",0,10,120,120,300,0.572528672790329,279.581999157907,0.025,0.025,0.025,0,0,"Dropout",0.1,"Credible",0.792,0.00776267898581025,0.867715154671827,0,500
"Block iid","Simulated",0,10,120,120,300,0.572528672790329,279.581999157907,0.025,0.025,0.025,0,0,"Dropout",0.1,"Oracle",0.978,0.00370487771788432,1,0,500
"Block iid","Simulated",0,10,120,120,300,0.572528672790329,279.581999157907,0.025,0.025,0.0166666666666667,0,0.00833333333333333,"Dropout",0.1,"Split-Lasso-0",1,0,18.4621058665698,0.000112333382885264,500
"Block iid","Simulated",0,10,120,120,300,0.572528672790329,279.581999157907,0.025,0.025,0.00833333333333333,0.00833333333333333,0.00833333333333333,"Dropout",0.1,"Split-Lasso-cert",0.998,0.00115238418591946,1.29943871258769,0.0010695960988882,500
"Block iid","Simulated",0,10,120,120,300,0.572528672790329,279.581999157907,0.025,0.025,0.025,0,0,"Dropout",0.25,"Credible",0.657333333333333,0.00246173114707537,0.863015270880292,0,500
"Block iid","Simulated",0,10,120,120,300,0.572528672790329,279.581999157907,0.025,0.025,0.025,0,0,"Dropout",0.25,"Oracle",0.982,0.00350220212556979,1,0,500
"Block iid","Simulated",0,10,120,120,300,0.572528672790329,279.581999157907,0.025,0.025,0.0166666666666667,0,0.00833333333333333,"Dropout",0.25,"Split-Lasso-0",1,0,41.7807144857286,0.000151559654687218,500
"Block iid","Simulated",0,10,120,120,300,0.572528672790329,279.581999157907,0.025,0.025,0.00833333333333333,0.00833333333333333,0.00833333333333333,"Dropout",0.25,"Split-Lasso-cert",0.999333333333333,0.000666666666666664,1.5572083760484,0.00295258537888941,500
"Block iid","Simulated",0,10,120,120,300,0.572528672790329,279.581999157907,0.025,0.025,0.025,0,0,"Dropout",0.4,"Credible",0.657333333333333,0.00246173114707537,0.922578742955137,0,500
"Block iid","Simulated",0,10,120,120,300,0.572528672790329,279.581999157907,0.025,0.025,0.025,0,0,"Dropout",0.4,"Oracle",0.976,0.00385716936509432,1,0,500
"Block iid","Simulated",0,10,120,120,300,0.572528672790329,279.581999157907,0.025,0.025,0.0166666666666667,0,0.00833333333333333,"Dropout",0.4,"Split-Lasso-0",1,0,73.5221666686681,0.000184303552862144,500
"Block iid","Simulated",0,10,120,120,300,0.572528672790329,279.581999157907,0.025,0.025,0.00833333333333333,0.00833333333333333,0.00833333333333333,"Dropout",0.4,"Split-Lasso-cert",0.998,0.00115238418591946,1.94497618313008,0.00569334910308706,500
"Block iid","Simulated",0,10,120,120,300,0.572528672790329,279.581999157907,0.025,0.025,0.025,0,0,"Gaussian",0.05,"Credible",0.982666666666667,0.00331309823375036,0.992624514512575,0,500
"Block iid","Simulated",0,10,120,120,300,0.572528672790329,279.581999157907,0.025,0.025,0.025,0,0,"Gaussian",0.05,"Oracle",0.984666666666667,0.00312594675037377,1,0,500
"Block iid","Simulated",0,10,120,120,300,0.572528672790329,279.581999157907,0.025,0.025,0.0166666666666667,0,0.00833333333333333,"Gaussian",0.05,"Split-Lasso-0",0.998666666666667,0.000941863869372946,1.65096716115487,5.12580423183863e-06,500
"Block iid","Simulated",0,10,120,120,300,0.572528672790329,279.581999157907,0.025,0.025,0.00833333333333333,0.00833333333333333,0.00833333333333333,"Gaussian",0.05,"Split-Lasso-cert",0.996,0.001624791235755,1.17963779565694,3.03790268157041e-05,500
"Block iid","Simulated",0,10,120,120,300,0.572528672790329,279.581999157907,0.025,0.025,0.025,0,0,"Gaussian",0.1,"Credible",0.973333333333333,0.00415680194973773,0.972929543468082,0,500
"Block iid","Simulated",0,10,120,120,300,0.572528672790329,279.581999157907,0.025,0.025,0.025,0,0,"Gaussian",0.1,"Oracle",0.981333333333333,0.00355833781145149,1,0,500
"Block iid","Simulated",0,10,120,120,300,0.572528672790329,279.581999157907,0.025,0.025,0.0166666666666667,0,0.00833333333333333,"Gaussian",0.1,"Split-Lasso-0",1,0,3.29408854315645,2.0384308117273e-05,500
"Block iid","Simulated",0,10,120,120,300,0.572528672790329,279.581999157907,0.025,0.025,0.00833333333333333,0.00833333333333333,0.00833333333333333,"Gaussian",0.1,"Split-Lasso-cert",0.994666666666667,0.001872345593824,1.18739410384445,0.000113763502266999,500
"Block iid","Simulated",0,10,120,120,300,0.572528672790329,279.581999157907,0.025,0.025,0.025,0,0,"Gaussian",0.2,"Credible",0.956,0.0050509759501934,0.919509732968907,0,500
"Block iid","Simulated",0,10,120,120,300,0.572528672790329,279.581999157907,0.025,0.025,0.025,0,0,"Gaussian",0.2,"Oracle",0.980666666666667,0.00348793128697494,1,0,500
"Block iid","Simulated",0,10,120,120,300,0.572528672790329,279.581999157907,0.025,0.025,0.0166666666666667,0,0.00833333333333333,"Gaussian",0.2,"Split-Lasso-0",1,0,8.76372173664522,6.08942802267381e-05,500
"Block iid","Simulated",0,10,120,120,300,0.572528672790329,279.581999157907,0.025,0.025,0.00833333333333333,0.00833333333333333,0.00833333333333333,"Gaussian",0.2,"Split-Lasso-cert",0.994666666666667,0.00187234559382399,1.22016590889734,0.00041513739751177,500
"Block corr","Simulated",0.5,10,120,120,300,0.329542690636665,532.623673271092,0.025,0.025,0.025,0,0,"Dropout",0.1,"Credible",0.731333333333333,0.00855079001013196,0.74625490346841,0,500
"Block corr","Simulated",0.5,10,120,120,300,0.329542690636665,532.623673271092,0.025,0.025,0.025,0,0,"Dropout",0.1,"Oracle",0.983333333333333,0.00325218526125167,1,0,500
"Block corr","Simulated",0.5,10,120,120,300,0.329542690636665,532.623673271092,0.025,0.025,0.0166666666666667,0,0.00833333333333333,"Dropout",0.1,"Split-Lasso-0",1,0,67.1017733795695,0.000754968672219043,500
"Block corr","Simulated",0.5,10,120,120,300,0.329542690636665,532.623673271092,0.025,0.025,0.00833333333333333,0.00833333333333333,0.00833333333333333,"Dropout",0.1,"Split-Lasso-cert",0.997333333333333,0.00132931927505232,1.2877774374258,0.00225187153622667,500
"Block corr","Simulated",0.5,10,120,120,300,0.329542690636665,532.623673271092,0.025,0.025,0.025,0,0,"Dropout",0.25,"Credible",0.45,0.00800105760098983,0.612881608987221,0,500
"Block corr","Simulated",0.5,10,120,120,300,0.329542690636665,532.623673271092,0.025,0.025,0.025,0,0,"Dropout",0.25,"Oracle",0.979333333333333,0.00372023180646478,1,0,500
"Block corr","Simulated",0.5,10,120,120,300,0.329542690636665,532.623673271092,0.025,0.025,0.0166666666666667,0,0.00833333333333333,"Dropout",0.25,"Split-Lasso-0",1,0,112.748402422178,0.00139273583096268,500
"Block corr","Simulated",0.5,10,120,120,300,0.329542690636665,532.623673271092,0.025,0.025,0.00833333333333333,0.00833333333333333,0.00833333333333333,"Dropout",0.25,"Split-Lasso-cert",0.998666666666667,0.000941863869372951,1.37813687380389,0.00359237323241982,500
"Block corr","Simulated",0.5,10,120,120,300,0.329542690636665,532.623673271092,0.025,0.025,0.025,0,0,"Dropout",0.4,"Credible",0.323333333333333,0.0025455109346659,0.546769439506712,0,500
"Block corr","Simulated",0.5,10,120,120,300,0.329542690636665,532.623673271092,0.025,0.025,0.025,0,0,"Dropout",0.4,"Oracle",0.978666666666667,0.00377218074647238,1,0,500
"Block corr","Simulated",0.5,10,120,120,300,0.329542690636665,532.623673271092,0.025,0.025,0.0166666666666667,0,0.00833333333333333,"Dropout",0.4,"Split-Lasso-0",1,0,141.963758703479,0.00169076714164194,500
"Block corr","Simulated",0.5,10,120,120,300,0.329542690636665,532.623673271092,0.025,0.025,0.00833333333333333,0.00833333333333333,0.00833333333333333,"Dropout",0.4,"Split-Lasso-cert",0.997333333333333,0.00132931927505232,1.42566071721688,0.0043536223346636,500
"Block corr","Simulated",0.5,10,120,120,300,0.329542690636665,532.623673271092,0.025,0.025,0.025,0,0,"Gaussian",0.05,"Credible",0.978,0.00370487771788431,0.988147113562121,0,500
"Block corr","Simulated",0.5,10,120,120,300,0.329542690636665,532.623673271092,0.025,0.025,0.025,0,0,"Gaussian",0.05,"Oracle",0.978666666666667,0.00365221540365699,1,0,500
"Block corr","Simulated",0.5,10,120,120,300,0.329542690636665,532.623673271092,0.025,0.025,0.0166666666666667,0,0.00833333333333333,"Gaussian",0.05,"Split-Lasso-0",0.998666666666667,0.000941863869372953,3.68539801163327,2.71056308961216e-05,500
"Block corr","Simulated",0.5,10,120,120,300,0.329542690636665,532.623673271092,0.025,0.025,0.00833333333333333,0.00833333333333333,0.00833333333333333,"Gaussian",0.05,"Split-Lasso-cert",0.993333333333333,0.00208908691150061,1.18113879066201,9.16434715944657e-05,500
"Block corr","Simulated",0.5,10,120,120,300,0.329542690636665,532.623673271092,0.025,0.025,0.025,0,0,"Gaussian",0.1,"Credible",0.977333333333333,0.00387329954213857,0.956081107128767,0,500
"Block corr","Simulated",0.5,10,120,120,300,0.329542690636665,532.623673271092,0.025,0.025,0.025,0,0,"Gaussian",0.1,"Oracle",0.98,0.0036673042501473,1,0,500
"Block corr","Simulated",0.5,10,120,120,300,0.329542690636665,532.623673271092,0.025,0.025,0.0166666666666667,0,0.00833333333333333,"Gaussian",0.1,"Split-Lasso-0",1,0,10.9618093569214,0.000113085452866409,500
"Block corr","Simulated",0.5,10,120,120,300,0.329542690636665,532.623673271092,0.025,0.025,0.00833333333333333,0.00833333333333333,0.00833333333333333,"Gaussian",0.1,"Split-Lasso-cert",0.996,0.001624791235755,1.19318721214063,0.000352751778711672,500
"Block corr","Simulated",0.5,10,120,120,300,0.329542690636665,532.623673271092,0.025,0.025,0.025,0,0,"Gaussian",0.2,"Credible",0.948,0.00596254919263883,0.863307679495379,0,500
"Block corr","Simulated",0.5,10,120,120,300,0.329542690636665,532.623673271092,0.025,0.025,0.025,0,0,"Gaussian",0.2,"Oracle",0.982,0.00362713247038113,1,0,500
"Block corr","Simulated",0.5,10,120,120,300,0.329542690636665,532.623673271092,0.025,0.025,0.0166666666666667,0,0.00833333333333333,"Gaussian",0.2,"Split-Lasso-0",1,0,33.8077845361174,0.000366748305197278,500
"Block corr","Simulated",0.5,10,120,120,300,0.329542690636665,532.623673271092,0.025,0.025,0.00833333333333333,0.00833333333333333,0.00833333333333333,"Gaussian",0.2,"Split-Lasso-cert",0.992,0.0022838049091504,1.23135912642119,0.00119311526571837,500
"Block high-corr","Simulated",0.8,10,120,120,300,0.0792490953324214,837.78276756344,0.025,0.025,0.025,0,0,"Dropout",0.1,"Credible",0.322,0.00270431012518407,0.443622001984301,0,500
"Block high-corr","Simulated",0.8,10,120,120,300,0.0792490953324214,837.78276756344,0.025,0.025,0.025,0,0,"Dropout",0.1,"Oracle",0.982,0.00362713247038113,1,0,500
"Block high-corr","Simulated",0.8,10,120,120,300,0.0792490953324214,837.78276756344,0.025,0.025,0.0166666666666667,0,0.00833333333333333,"Dropout",0.1,"Split-Lasso-0",1,0,82.0889855970801,4.5317508473291e-05,500
"Block high-corr","Simulated",0.8,10,120,120,300,0.0792490953324214,837.78276756344,0.025,0.025,0.00833333333333333,0.00833333333333333,0.00833333333333333,"Dropout",0.1,"Split-Lasso-cert",0.996666666666667,0.0014847251656907,1.21804155613485,0.00196511399387658,500
"Block high-corr","Simulated",0.8,10,120,120,300,0.0792490953324214,837.78276756344,0.025,0.025,0.025,0,0,"Dropout",0.25,"Credible",0.323333333333333,0.0025455109346659,0.393936427522135,0,500
"Block high-corr","Simulated",0.8,10,120,120,300,0.0792490953324214,837.78276756344,0.025,0.025,0.025,0,0,"Dropout",0.25,"Oracle",0.982666666666667,0.00369440530999544,1,0,500
"Block high-corr","Simulated",0.8,10,120,120,300,0.0792490953324214,837.78276756344,0.025,0.025,0.0166666666666667,0,0.00833333333333333,"Dropout",0.25,"Split-Lasso-0",1,0,101.940367045541,6.23450809023513e-05,500
"Block high-corr","Simulated",0.8,10,120,120,300,0.0792490953324214,837.78276756344,0.025,0.025,0.00833333333333333,0.00833333333333333,0.00833333333333333,"Dropout",0.25,"Split-Lasso-cert",0.996,0.001624791235755,1.21920329231094,0.00218690525801274,500
"Block high-corr","Simulated",0.8,10,120,120,300,0.0792490953324214,837.78276756344,0.025,0.025,0.025,0,0,"Dropout",0.4,"Credible",0.327333333333333,0.00198390315879758,0.379083918263721,0,500
"Block high-corr","Simulated",0.8,10,120,120,300,0.0792490953324214,837.78276756344,0.025,0.025,0.025,0,0,"Dropout",0.4,"Oracle",0.983333333333333,0.00376023800987291,1,0,500
"Block high-corr","Simulated",0.8,10,120,120,300,0.0792490953324214,837.78276756344,0.025,0.025,0.0166666666666667,0,0.00833333333333333,"Dropout",0.4,"Split-Lasso-0",1,0,126.94254266501,7.35391891602469e-05,500
"Block high-corr","Simulated",0.8,10,120,120,300,0.0792490953324214,837.78276756344,0.025,0.025,0.00833333333333333,0.00833333333333333,0.00833333333333333,"Dropout",0.4,"Split-Lasso-cert",0.999333333333333,0.000666666666666663,1.2300505676745,0.00205879170725103,500
"Block high-corr","Simulated",0.8,10,120,120,300,0.0792490953324214,837.78276756344,0.025,0.025,0.025,0,0,"Gaussian",0.05,"Credible",0.968666666666667,0.00560648223611789,0.902618001063092,0,500
"Block high-corr","Simulated",0.8,10,120,120,300,0.0792490953324214,837.78276756344,0.025,0.025,0.025,0,0,"Gaussian",0.05,"Oracle",0.983333333333333,0.00387686214872808,1,0,500
"Block high-corr","Simulated",0.8,10,120,120,300,0.0792490953324214,837.78276756344,0.025,0.025,0.0166666666666667,0,0.00833333333333333,"Gaussian",0.05,"Split-Lasso-0",0.999333333333333,0.000666666666666665,14.6802471274628,5.85729651070758e-06,500
"Block high-corr","Simulated",0.8,10,120,120,300,0.0792490953324214,837.78276756344,0.025,0.025,0.00833333333333333,0.00833333333333333,0.00833333333333333,"Gaussian",0.05,"Split-Lasso-cert",0.995333333333333,0.001991073376555,1.18341552433888,0.000359707883964625,500
"Block high-corr","Simulated",0.8,10,120,120,300,0.0792490953324214,837.78276756344,0.025,0.025,0.025,0,0,"Gaussian",0.1,"Credible",0.830666666666667,0.0119183745056644,0.735926852268706,0,500
"Block high-corr","Simulated",0.8,10,120,120,300,0.0792490953324214,837.78276756344,0.025,0.025,0.025,0,0,"Gaussian",0.1,"Oracle",0.984666666666667,0.00339895330136608,1,0,500
"Block high-corr","Simulated",0.8,10,120,120,300,0.0792490953324214,837.78276756344,0.025,0.025,0.0166666666666667,0,0.00833333333333333,"Gaussian",0.1,"Split-Lasso-0",1,0,38.0871268889295,1.57054923074121e-05,500
"Block high-corr","Simulated",0.8,10,120,120,300,0.0792490953324214,837.78276756344,0.025,0.025,0.00833333333333333,0.00833333333333333,0.00833333333333333,"Gaussian",0.1,"Split-Lasso-cert",0.996666666666667,0.0014847251656907,1.19608668468803,0.000957086661312727,500
"Block high-corr","Simulated",0.8,10,120,120,300,0.0792490953324214,837.78276756344,0.025,0.025,0.025,0,0,"Gaussian",0.2,"Credible",0.322,0.00270431012518407,0.536394852915252,0,500
"Block high-corr","Simulated",0.8,10,120,120,300,0.0792490953324214,837.78276756344,0.025,0.025,0.025,0,0,"Gaussian",0.2,"Oracle",0.979333333333333,0.00406351269001031,1,0,500
"Block high-corr","Simulated",0.8,10,120,120,300,0.0792490953324214,837.78276756344,0.025,0.025,0.0166666666666667,0,0.00833333333333333,"Gaussian",0.2,"Split-Lasso-0",1,0,66.6629570173231,3.23646254871982e-05,500
"Block high-corr","Simulated",0.8,10,120,120,300,0.0792490953324214,837.78276756344,0.025,0.025,0.00833333333333333,0.00833333333333333,0.00833333333333333,"Gaussian",0.2,"Split-Lasso-cert",0.999333333333333,0.000666666666666666,1.20662178294572,0.00160635585867143,500
"Block dense-support","Simulated",0.5,20,120,120,300,0.232979180815309,1849.36533577892,0.025,0.025,0.025,0,0,"Dropout",0.1,"Credible",0.640666666666667,0.00844007785941519,0.700779508153714,0,500
"Block dense-support","Simulated",0.5,20,120,120,300,0.232979180815309,1849.36533577892,0.025,0.025,0.025,0,0,"Dropout",0.1,"Oracle",0.984,0.00332651272798021,1,0,500
"Block dense-support","Simulated",0.5,20,120,120,300,0.232979180815309,1849.36533577892,0.025,0.025,0.0166666666666667,0,0.00833333333333333,"Dropout",0.1,"Split-Lasso-0",1,0,131.160517003683,7.21836378019555e-05,500
"Block dense-support","Simulated",0.5,20,120,120,300,0.232979180815309,1849.36533577892,0.025,0.025,0.00833333333333333,0.00833333333333333,0.00833333333333333,"Dropout",0.1,"Split-Lasso-cert",0.997333333333333,0.00132931927505232,1.30182514348497,0.00269094135647006,500
"Block dense-support","Simulated",0.5,20,120,120,300,0.232979180815309,1849.36533577892,0.025,0.025,0.025,0,0,"Dropout",0.25,"Credible",0.329333333333333,0.00210268566801636,0.565019689540536,0,500
"Block dense-support","Simulated",0.5,20,120,120,300,0.232979180815309,1849.36533577892,0.025,0.025,0.025,0,0,"Dropout",0.25,"Oracle",0.987333333333333,0.00300507994159144,1,0,500
"Block dense-support","Simulated",0.5,20,120,120,300,0.232979180815309,1849.36533577892,0.025,0.025,0.0166666666666667,0,0.00833333333333333,"Dropout",0.25,"Split-Lasso-0",1,0,202.121724067709,0.000114721120580121,500
"Block dense-support","Simulated",0.5,20,120,120,300,0.232979180815309,1849.36533577892,0.025,0.025,0.00833333333333333,0.00833333333333333,0.00833333333333333,"Dropout",0.25,"Split-Lasso-cert",0.998,0.00115238418591946,1.36367425268071,0.00353684105179437,500
"Block dense-support","Simulated",0.5,20,120,120,300,0.232979180815309,1849.36533577892,0.025,0.025,0.025,0,0,"Dropout",0.4,"Credible",0.326,0.00218881592731337,0.505061960766229,0,500
"Block dense-support","Simulated",0.5,20,120,120,300,0.232979180815309,1849.36533577892,0.025,0.025,0.025,0,0,"Dropout",0.4,"Oracle",0.987333333333333,0.00285303964676407,1,0,500
"Block dense-support","Simulated",0.5,20,120,120,300,0.232979180815309,1849.36533577892,0.025,0.025,0.0166666666666667,0,0.00833333333333333,"Dropout",0.4,"Split-Lasso-0",1,0,252.416299161527,0.000140125846935014,500
"Block dense-support","Simulated",0.5,20,120,120,300,0.232979180815309,1849.36533577892,0.025,0.025,0.00833333333333333,0.00833333333333333,0.00833333333333333,"Dropout",0.4,"Split-Lasso-cert",0.998666666666667,0.000941863869372956,1.40753604815779,0.00412772220465941,500
"Block dense-support","Simulated",0.5,20,120,120,300,0.232979180815309,1849.36533577892,0.025,0.025,0.025,0,0,"Gaussian",0.05,"Credible",0.983333333333333,0.00325218526125167,0.985049390011979,0,500
"Block dense-support","Simulated",0.5,20,120,120,300,0.232979180815309,1849.36533577892,0.025,0.025,0.025,0,0,"Gaussian",0.05,"Oracle",0.983333333333333,0.00325218526125167,1,0,500
"Block dense-support","Simulated",0.5,20,120,120,300,0.232979180815309,1849.36533577892,0.025,0.025,0.0166666666666667,0,0.00833333333333333,"Gaussian",0.05,"Split-Lasso-0",1,0,7.1363907138683,3.23352923089944e-06,500
"Block dense-support","Simulated",0.5,20,120,120,300,0.232979180815309,1849.36533577892,0.025,0.025,0.00833333333333333,0.00833333333333333,0.00833333333333333,"Gaussian",0.05,"Split-Lasso-cert",0.992666666666667,0.00218881592731337,1.18284206795595,0.000125760716032966,500
"Block dense-support","Simulated",0.5,20,120,120,300,0.232979180815309,1849.36533577892,0.025,0.025,0.025,0,0,"Gaussian",0.1,"Credible",0.974,0.00432265783303317,0.945054237758025,0,500
"Block dense-support","Simulated",0.5,20,120,120,300,0.232979180815309,1849.36533577892,0.025,0.025,0.025,0,0,"Gaussian",0.1,"Oracle",0.982,0.00350220212556979,1,0,500
"Block dense-support","Simulated",0.5,20,120,120,300,0.232979180815309,1849.36533577892,0.025,0.025,0.0166666666666667,0,0.00833333333333333,"Gaussian",0.1,"Split-Lasso-0",1,0,23.5803317631672,1.15057791691017e-05,500
"Block dense-support","Simulated",0.5,20,120,120,300,0.232979180815309,1849.36533577892,0.025,0.025,0.00833333333333333,0.00833333333333333,0.00833333333333333,"Gaussian",0.1,"Split-Lasso-cert",0.994666666666667,0.001872345593824,1.19777377546175,0.000488226613928445,500
"Block dense-support","Simulated",0.5,20,120,120,300,0.232979180815309,1849.36533577892,0.025,0.025,0.025,0,0,"Gaussian",0.2,"Credible",0.932,0.00657898247948534,0.833122315158773,0,500
"Block dense-support","Simulated",0.5,20,120,120,300,0.232979180815309,1849.36533577892,0.025,0.025,0.025,0,0,"Gaussian",0.2,"Oracle",0.984,0.00332651272798021,1,0,500
"Block dense-support","Simulated",0.5,20,120,120,300,0.232979180815309,1849.36533577892,0.025,0.025,0.0166666666666667,0,0.00833333333333333,"Gaussian",0.2,"Split-Lasso-0",1,0,71.2757442242833,4.12944452459267e-05,500
"Block dense-support","Simulated",0.5,20,120,120,300,0.232979180815309,1849.36533577892,0.025,0.025,0.00833333333333333,0.00833333333333333,0.00833333333333333,"Gaussian",0.2,"Split-Lasso-cert",0.993333333333333,0.0022923687210287,1.24402552367093,0.00150657275457386,500
