"design","source","rho","sparsity","n_cal","n_inf","p","phi0_sq","radius","alpha_total","alpha_baseline","alpha_inf","eta","delta","augmentation","strength","direction","method","coverage","coverage_se","rel_width","rel_width_se","reps"
"Block iid","Simulated",0,10,120,120,300,0.572528672790329,279.581999157907,0.025,0.025,0.025,0,0,"Dropout",0.1,"signal","Credible",0.402,0.0219489296099386,0.482632794734315,0,500
"Block iid","Simulated",0,10,120,120,300,0.572528672790329,279.581999157907,0.025,0.025,0.025,0,0,"Dropout",0.1,"leading","Credible",0.982,0.00595170947639271,1.00806728056547,0,500
"Block iid","Simulated",0,10,120,120,300,0.572528672790329,279.581999157907,0.025,0.025,0.025,0,0,"Dropout",0.1,"trailing_nonzero","Credible",0.992,0.00398795782515695,1.1124453887157,0,500
"Block iid","Simulated",0,10,120,120,300,0.572528672790329,279.581999157907,0.025,0.025,0.025,0,0,"Dropout",0.1,"signal","Oracle",0.982,0.00595170947639273,1,0,500
"Block iid","Simulated",0,10,120,120,300,0.572528672790329,279.581999157907,0.025,0.025,0.025,0,0,"Dropout",0.1,"leading","Oracle",0.98,0.00626726073450183,1,0,500
"Block iid","Simulated",0,10,120,120,300,0.572528672790329,279.581999157907,0.025,0.025,0.025,0,0,"Dropout",0.1,"trailing_nonzero","Oracle",0.972,0.00738519344122602,1,0,500
"Block iid","Simulated",0,10,120,120,300,0.572528672790329,279.581999157907,0.025,0.025,0.0166666666666667,0,0.00833333333333333,"Dropout",0.1,"signal","Split-Lasso-0",1,0,22.1421907366476,0.000337000148655821,500
"Block iid","Simulated",0,10,120,120,300,0.572528672790329,279.581999157907,0.025,0.025,0.0166666666666667,0,0.00833333333333333,"Dropout",0.1,"leading","Split-Lasso-0",1,0,7.35247270617935,0,500
"Block iid","Simulated",0,10,120,120,300,0.572528672790329,279.581999157907,0.025,0.025,0.0166666666666667,0,0.00833333333333333,"Dropout",0.1,"trailing_nonzero","Split-Lasso-0",1,0,25.8916541568826,0,500
"Block iid","Simulated",0,10,120,120,300,0.572528672790329,279.581999157907,0.025,0.025,0.00833333333333333,0.00833333333333333,0.00833333333333333,"Dropout",0.1,"signal","Split-Lasso-cert",0.998,0.002,1.1557470204409,0.00129835201393665,500
"Block iid","Simulated",0,10,120,120,300,0.572528672790329,279.581999157907,0.025,0.025,0.00833333333333333,0.00833333333333333,0.00833333333333333,"Dropout",0.1,"leading","Split-Lasso-cert",0.996,0.00282559160811887,1.20175989876423,0.000186154446990719,500
"Block iid","Simulated",0,10,120,120,300,0.572528672790329,279.581999157907,0.025,0.025,0.00833333333333333,0.00833333333333333,0.00833333333333333,"Dropout",0.1,"trailing_nonzero","Split-Lasso-cert",1,0,1.54080921855796,0.00284513022083073,500
"Block iid","Simulated",0,10,120,120,300,0.572528672790329,279.581999157907,0.025,0.025,0.025,0,0,"Dropout",0.25,"signal","Credible",0,0,0.256369562216638,0,500
"Block iid","Simulated",0,10,120,120,300,0.572528672790329,279.581999157907,0.025,0.025,0.025,0,0,"Dropout",0.25,"leading","Credible",0.978,0.0065664477819401,1.02401119448958,0,500
"Block iid","Simulated",0,10,120,120,300,0.572528672790329,279.581999157907,0.025,0.025,0.025,0,0,"Dropout",0.25,"trailing_nonzero","Credible",0.994,0.00345715255775837,1.30866505593466,0,500
"Block iid","Simulated",0,10,120,120,300,0.572528672790329,279.581999157907,0.025,0.025,0.025,0,0,"Dropout",0.25,"signal","Oracle",0.994,0.00345715255775838,1,0,500
"Block iid","Simulated",0,10,120,120,300,0.572528672790329,279.581999157907,0.025,0.025,0.025,0,0,"Dropout",0.25,"leading","Oracle",0.976,0.00685141472745121,1,0,500
"Block iid","Simulated",0,10,120,120,300,0.572528672790329,279.581999157907,0.025,0.025,0.025,0,0,"Dropout",0.25,"trailing_nonzero","Oracle",0.976,0.0068514147274512,1,0,500
"Block iid","Simulated",0,10,120,120,300,0.572528672790329,279.581999157907,0.025,0.025,0.0166666666666667,0,0.00833333333333333,"Dropout",0.25,"signal","Split-Lasso-0",1,0,29.8820514136225,0.000454678964061702,500
"Block iid","Simulated",0,10,120,120,300,0.572528672790329,279.581999157907,0.025,0.025,0.0166666666666667,0,0.00833333333333333,"Dropout",0.25,"leading","Split-Lasso-0",1,0,19.9212738457261,0,500
"Block iid","Simulated",0,10,120,120,300,0.572528672790329,279.581999157907,0.025,0.025,0.0166666666666667,0,0.00833333333333333,"Dropout",0.25,"trailing_nonzero","Split-Lasso-0",1,0,75.5388181978373,0,500
"Block iid","Simulated",0,10,120,120,300,0.572528672790329,279.581999157907,0.025,0.025,0.00833333333333333,0.00833333333333333,0.00833333333333333,"Dropout",0.25,"signal","Split-Lasso-cert",1,0,1.14382047805464,0.00171140145578952,500
"Block iid","Simulated",0,10,120,120,300,0.572528672790329,279.581999157907,0.025,0.025,0.00833333333333333,0.00833333333333333,0.00833333333333333,"Dropout",0.25,"leading","Split-Lasso-cert",0.998,0.002,1.25212786773361,0.000566007031559504,500
"Block iid","Simulated",0,10,120,120,300,0.572528672790329,279.581999157907,0.025,0.025,0.00833333333333333,0.00833333333333333,0.00833333333333333,"Dropout",0.25,"trailing_nonzero","Split-Lasso-cert",1,0,2.27567678235695,0.00864806140715772,500
"Block iid","Simulated",0,10,120,120,300,0.572528672790329,279.581999157907,0.025,0.025,0.025,0,0,"Dropout",0.4,"signal","Credible",0,0,0.162956023366309,0,500
"Block iid","Simulated",0,10,120,120,300,0.572528672790329,279.581999157907,0.025,0.025,0.025,0,0,"Dropout",0.4,"leading","Credible",0.972,0.00738519344122606,1.0474721251088,0,500
"Block iid","Simulated",0,10,120,120,300,0.572528672790329,279.581999157907,0.025,0.025,0.025,0,0,"Dropout",0.4,"trailing_nonzero","Credible",1,0,1.5573080803903,0,500
"Block iid","Simulated",0,10,120,120,300,0.572528672790329,279.581999157907,0.025,0.025,0.025,0,0,"Dropout",0.4,"signal","Oracle",0.994,0.00345715255775836,1,0,500
"Block iid","Simulated",0,10,120,120,300,0.572528672790329,279.581999157907,0.025,0.025,0.025,0,0,"Dropout",0.4,"leading","Oracle",0.964,0.00833949004366434,1,0,500
"Block iid","Simulated",0,10,120,120,300,0.572528672790329,279.581999157907,0.025,0.025,0.025,0,0,"Dropout",0.4,"trailing_nonzero","Oracle",0.97,0.00763653280399767,1,0,500
"Block iid","Simulated",0,10,120,120,300,0.572528672790329,279.581999157907,0.025,0.025,0.0166666666666667,0,0.00833333333333333,"Dropout",0.4,"signal","Split-Lasso-0",1,0,31.7824601916918,0.000552910658586386,500
"Block iid","Simulated",0,10,120,120,300,0.572528672790329,279.581999157907,0.025,0.025,0.0166666666666667,0,0.00833333333333333,"Dropout",0.4,"leading","Split-Lasso-0",1,0,38.7744755550442,0,500
"Block iid","Simulated",0,10,120,120,300,0.572528672790329,279.581999157907,0.025,0.025,0.0166666666666667,0,0.00833333333333333,"Dropout",0.4,"trailing_nonzero","Split-Lasso-0",1,0,150.009564259268,0,500
"Block iid","Simulated",0,10,120,120,300,0.572528672790329,279.581999157907,0.025,0.025,0.00833333333333333,0.00833333333333333,0.00833333333333333,"Dropout",0.4,"signal","Split-Lasso-cert",0.996,0.00282559160811887,1.14073550749807,0.00199465113342497,500
"Block iid","Simulated",0,10,120,120,300,0.572528672790329,279.581999157907,0.025,0.025,0.00833333333333333,0.00833333333333333,0.00833333333333333,"Dropout",0.4,"leading","Split-Lasso-cert",0.998,0.002,1.32786454381488,0.00126746686597245,500
"Block iid","Simulated",0,10,120,120,300,0.572528672790329,279.581999157907,0.025,0.025,0.00833333333333333,0.00833333333333333,0.00833333333333333,"Dropout",0.4,"trailing_nonzero","Split-Lasso-cert",1,0,3.36632849807729,0.0170303972330238,500
"Block iid","Simulated",0,10,120,120,300,0.572528672790329,279.581999157907,0.025,0.025,0.025,0,0,"Gaussian",0.05,"signal","Credible",0.976,0.0068514147274512,0.975022609302828,0,500
"Block iid","Simulated",0,10,120,120,300,0.572528672790329,279.581999157907,0.025,0.025,0.025,0,0,"Gaussian",0.05,"leading","Credible",0.988,0.00487437370726497,1.00018222937039,0,500
"Block iid","Simulated",0,10,120,120,300,0.572528672790329,279.581999157907,0.025,0.025,0.025,0,0,"Gaussian",0.05,"trailing_nonzero","Credible",0.984,0.00561703678147197,1.00266870486451,0,500
"Block iid","Simulated",0,10,120,120,300,0.572528672790329,279.581999157907,0.025,0.025,0.025,0,0,"Gaussian",0.05,"signal","Oracle",0.982,0.00595170947639272,1,0,500
"Block iid","Simulated",0,10,120,120,300,0.572528672790329,279.581999157907,0.025,0.025,0.025,0,0,"Gaussian",0.05,"leading","Oracle",0.988,0.00487437370726497,1,0,500
"Block iid","Simulated",0,10,120,120,300,0.572528672790329,279.581999157907,0.025,0.025,0.025,0,0,"Gaussian",0.05,"trailing_nonzero","Oracle",0.984,0.00561703678147197,1,0,500
"Block iid","Simulated",0,10,120,120,300,0.572528672790329,279.581999157907,0.025,0.025,0.0166666666666667,0,0.00833333333333333,"Gaussian",0.05,"signal","Split-Lasso-0",1,0,2.11682760238179,1.53774126955193e-05,500
"Block iid","Simulated",0,10,120,120,300,0.572528672790329,279.581999157907,0.025,0.025,0.0166666666666667,0,0.00833333333333333,"Gaussian",0.05,"leading","Split-Lasso-0",0.996,0.00282559160811887,1.20947114922068,0,500
"Block iid","Simulated",0,10,120,120,300,0.572528672790329,279.581999157907,0.025,0.025,0.0166666666666667,0,0.00833333333333333,"Gaussian",0.05,"trailing_nonzero","Split-Lasso-0",1,0,1.62660273186215,0,500
"Block iid","Simulated",0,10,120,120,300,0.572528672790329,279.581999157907,0.025,0.025,0.00833333333333333,0.00833333333333333,0.00833333333333333,"Gaussian",0.05,"signal","Split-Lasso-cert",0.994,0.00345715255775837,1.17606124332963,6.35417368059955e-05,500
"Block iid","Simulated",0,10,120,120,300,0.572528672790329,279.581999157907,0.025,0.025,0.00833333333333333,0.00833333333333333,0.00833333333333333,"Gaussian",0.05,"leading","Split-Lasso-cert",0.996,0.00282559160811887,1.17760579620715,4.2267878660299e-06,500
"Block iid","Simulated",0,10,120,120,300,0.572528672790329,279.581999157907,0.025,0.025,0.00833333333333333,0.00833333333333333,0.00833333333333333,"Gaussian",0.05,"trailing_nonzero","Split-Lasso-cert",0.998,0.002,1.18524634743403,6.42780868140825e-05,500
"Block iid","Simulated",0,10,120,120,300,0.572528672790329,279.581999157907,0.025,0.025,0.025,0,0,"Gaussian",0.1,"signal","Credible",0.962,0.00855911894029214,0.907427374025652,0,500
"Block iid","Simulated",0,10,120,120,300,0.572528672790329,279.581999157907,0.025,0.025,0.025,0,0,"Gaussian",0.1,"leading","Credible",0.98,0.00626726073450183,1.00072871838136,0,500
"Block iid","Simulated",0,10,120,120,300,0.572528672790329,279.581999157907,0.025,0.025,0.025,0,0,"Gaussian",0.1,"trailing_nonzero","Credible",0.978,0.00656644778194011,1.01063253799724,0,500
"Block iid","Simulated",0,10,120,120,300,0.572528672790329,279.581999157907,0.025,0.025,0.025,0,0,"Gaussian",0.1,"signal","Oracle",0.988,0.00487437370726497,1,0,500
"Block iid","Simulated",0,10,120,120,300,0.572528672790329,279.581999157907,0.025,0.025,0.025,0,0,"Gaussian",0.1,"leading","Oracle",0.98,0.00626726073450183,1,0,500
"Block iid","Simulated",0,10,120,120,300,0.572528672790329,279.581999157907,0.025,0.025,0.025,0,0,"Gaussian",0.1,"trailing_nonzero","Oracle",0.976,0.00685141472745123,1,0,500
"Block iid","Simulated",0,10,120,120,300,0.572528672790329,279.581999157907,0.025,0.025,0.0166666666666667,0,0.00833333333333333,"Gaussian",0.1,"signal","Split-Lasso-0",1,0,4.9464029235547,6.11529243518164e-05,500
"Block iid","Simulated",0,10,120,120,300,0.572528672790329,279.581999157907,0.025,0.025,0.0166666666666667,0,0.00833333333333333,"Gaussian",0.1,"leading","Split-Lasso-0",1,0,1.63366818766737,0,500
"Block iid","Simulated",0,10,120,120,300,0.572528672790329,279.581999157907,0.025,0.025,0.0166666666666667,0,0.00833333333333333,"Gaussian",0.1,"trailing_nonzero","Split-Lasso-0",1,0,3.30219451824727,0,500
"Block iid","Simulated",0,10,120,120,300,0.572528672790329,279.581999157907,0.025,0.025,0.00833333333333333,0.00833333333333333,0.00833333333333333,"Gaussian",0.1,"signal","Split-Lasso-cert",0.994,0.00345715255775837,1.17309582801904,0.000231993247372089,500
"Block iid","Simulated",0,10,120,120,300,0.572528672790329,279.581999157907,0.025,0.025,0.00833333333333333,0.00833333333333333,0.00833333333333333,"Gaussian",0.1,"leading","Split-Lasso-cert",0.996,0.00282559160811887,1.17927994039754,1.68658836494194e-05,500
"Block iid","Simulated",0,10,120,120,300,0.572528672790329,279.581999157907,0.025,0.025,0.00833333333333333,0.00833333333333333,0.00833333333333333,"Gaussian",0.1,"trailing_nonzero","Split-Lasso-cert",0.994,0.00345715255775839,1.20980654311678,0.000259576604372573,500
"Block iid","Simulated",0,10,120,120,300,0.572528672790329,279.581999157907,0.025,0.025,0.025,0,0,"Gaussian",0.2,"signal","Credible",0.912,0.0126820214214718,0.713738187112072,0,500
"Block iid","Simulated",0,10,120,120,300,0.572528672790329,279.581999157907,0.025,0.025,0.025,0,0,"Gaussian",0.2,"leading","Credible",0.972,0.00738519344122605,1.00291169659786,0,500
"Block iid","Simulated",0,10,120,120,300,0.572528672790329,279.581999157907,0.025,0.025,0.025,0,0,"Gaussian",0.2,"trailing_nonzero","Credible",0.984,0.00561703678147198,1.04187931519679,0,500
"Block iid","Simulated",0,10,120,120,300,0.572528672790329,279.581999157907,0.025,0.025,0.025,0,0,"Gaussian",0.2,"signal","Oracle",0.992,0.00398795782515695,1,0,500
"Block iid","Simulated",0,10,120,120,300,0.572528672790329,279.581999157907,0.025,0.025,0.025,0,0,"Gaussian",0.2,"leading","Oracle",0.972,0.00738519344122605,1,0,500
"Block iid","Simulated",0,10,120,120,300,0.572528672790329,279.581999157907,0.025,0.025,0.025,0,0,"Gaussian",0.2,"trailing_nonzero","Oracle",0.978,0.0065664477819401,1,0,500
"Block iid","Simulated",0,10,120,120,300,0.572528672790329,279.581999157907,0.025,0.025,0.0166666666666667,0,0.00833333333333333,"Gaussian",0.2,"signal","Split-Lasso-0",1,0,12.9561472046261,0.000182682840680208,500
"Block iid","Simulated",0,10,120,120,300,0.572528672790329,279.581999157907,0.025,0.025,0.0166666666666667,0,0.00833333333333333,"Gaussian",0.2,"leading","Split-Lasso-0",1,0,3.33045634152992,0,500
"Block iid","Simulated",0,10,120,120,300,0.572528672790329,279.581999157907,0.025,0.025,0.0166666666666667,0,0.00833333333333333,"Gaussian",0.2,"trailing_nonzero","Split-Lasso-0",1,0,10.0045616637796,0,500
"Block iid","Simulated",0,10,120,120,300,0.572528672790329,279.581999157907,0.025,0.025,0.00833333333333333,0.00833333333333333,0.00833333333333333,"Gaussian",0.2,"signal","Split-Lasso-cert",1,0,1.1646737915996,0.000682159882295949,500
"Block iid","Simulated",0,10,120,120,300,0.572528672790329,279.581999157907,0.025,0.025,0.00833333333333333,0.00833333333333333,0.00833333333333333,"Gaussian",0.2,"leading","Split-Lasso-cert",0.984,0.00561703678147196,1.18598440825245,7.23367165952963e-05,500
"Block iid","Simulated",0,10,120,120,300,0.572528672790329,279.581999157907,0.025,0.025,0.00833333333333333,0.00833333333333333,0.00833333333333333,"Gaussian",0.2,"trailing_nonzero","Split-Lasso-cert",1,0,1.30983952683996,0.00102931230478083,500
"Block corr","Simulated",0.5,10,120,120,300,0.329542690636665,532.623673271092,0.025,0.025,0.025,0,0,"Dropout",0.1,"signal","Credible",0.288,0.0202715038350752,0.466406736735029,0,500
"Block corr","Simulated",0.5,10,120,120,300,0.329542690636665,532.623673271092,0.025,0.025,0.025,0,0,"Dropout",0.1,"leading","Credible",0.968,0.00787884206623084,1.00672157409057,0,500
"Block corr","Simulated",0.5,10,120,120,300,0.329542690636665,532.623673271092,0.025,0.025,0.025,0,0,"Dropout",0.1,"trailing_nonzero","Credible",0.938,0.0107956051326622,0.765636399579628,0,500
"Block corr","Simulated",0.5,10,120,120,300,0.329542690636665,532.623673271092,0.025,0.025,0.025,0,0,"Dropout",0.1,"signal","Oracle",0.992,0.00398795782515695,1,0,500
"Block corr","Simulated",0.5,10,120,120,300,0.329542690636665,532.623673271092,0.025,0.025,0.025,0,0,"Dropout",0.1,"leading","Oracle",0.966,0.00811293037555217,1,0,500
"Block corr","Simulated",0.5,10,120,120,300,0.329542690636665,532.623673271092,0.025,0.025,0.025,0,0,"Dropout",0.1,"trailing_nonzero","Oracle",0.992,0.00398795782515694,1,0,500
"Block corr","Simulated",0.5,10,120,120,300,0.329542690636665,532.623673271092,0.025,0.025,0.0166666666666667,0,0.00833333333333333,"Dropout",0.1,"signal","Split-Lasso-0",1,0,56.3408512331765,0.000276086435174281,500
"Block corr","Simulated",0.5,10,120,120,300,0.329542690636665,532.623673271092,0.025,0.025,0.0166666666666667,0,0.00833333333333333,"Dropout",0.1,"leading","Split-Lasso-0",1,0,11.4229383507231,0,500
"Block corr","Simulated",0.5,10,120,120,300,0.329542690636665,532.623673271092,0.025,0.025,0.0166666666666667,0,0.00833333333333333,"Dropout",0.1,"trailing_nonzero","Split-Lasso-0",1,0,133.541530554809,0.00218955272754116,500
"Block corr","Simulated",0.5,10,120,120,300,0.329542690636665,532.623673271092,0.025,0.025,0.00833333333333333,0.00833333333333333,0.00833333333333333,"Dropout",0.1,"signal","Split-Lasso-cert",0.998,0.002,1.22499848538187,0.00257017206655589,500
"Block corr","Simulated",0.5,10,120,120,300,0.329542690636665,532.623673271092,0.025,0.025,0.00833333333333333,0.00833333333333333,0.00833333333333333,"Dropout",0.1,"leading","Split-Lasso-cert",0.996,0.00282559160811886,1.19779248555673,0.000164762779507093,500
"Block corr","Simulated",0.5,10,120,120,300,0.329542690636665,532.623673271092,0.025,0.025,0.00833333333333333,0.00833333333333333,0.00833333333333333,"Dropout",0.1,"trailing_nonzero","Split-Lasso-cert",0.998,0.002,1.44054134133881,0.00513729349535221,500
"Block corr","Simulated",0.5,10,120,120,300,0.329542690636665,532.623673271092,0.025,0.025,0.025,0,0,"Dropout",0.25,"signal","Credible",0,0,0.255354821591363,0,500
"Block corr","Simulated",0.5,10,120,120,300,0.329542690636665,532.623673271092,0.025,0.025,0.025,0,0,"Dropout",0.25,"leading","Credible",0.96,0.00877233764829142,1.02003185402134,0,500
"Block corr","Simulated",0.5,10,120,120,300,0.329542690636665,532.623673271092,0.025,0.025,0.025,0,0,"Dropout",0.25,"trailing_nonzero","Credible",0.39,0.0218346858693692,0.56325815134896,0,500
"Block corr","Simulated",0.5,10,120,120,300,0.329542690636665,532.623673271092,0.025,0.025,0.025,0,0,"Dropout",0.25,"signal","Oracle",0.996,0.00282559160811886,1,0,500
"Block corr","Simulated",0.5,10,120,120,300,0.329542690636665,532.623673271092,0.025,0.025,0.025,0,0,"Dropout",0.25,"leading","Oracle",0.954,0.0093778402511213,1,0,500
"Block corr","Simulated",0.5,10,120,120,300,0.329542690636665,532.623673271092,0.025,0.025,0.025,0,0,"Dropout",0.25,"trailing_nonzero","Oracle",0.988,0.00487437370726495,1,0,500
"Block corr","Simulated",0.5,10,120,120,300,0.329542690636665,532.623673271092,0.025,0.025,0.0166666666666667,0,0.00833333333333333,"Dropout",0.25,"signal","Split-Lasso-0",1,0,73.4123211339743,0.000363657065406689,500
"Block corr","Simulated",0.5,10,120,120,300,0.329542690636665,532.623673271092,0.025,0.025,0.0166666666666667,0,0.00833333333333333,"Dropout",0.25,"leading","Split-Lasso-0",1,0,32.1326707793597,0,500
"Block corr","Simulated",0.5,10,120,120,300,0.329542690636665,532.623673271092,0.025,0.025,0.0166666666666667,0,0.00833333333333333,"Dropout",0.25,"trailing_nonzero","Split-Lasso-0",1,0,232.7002153532,0.00413393179345027,500
"Block corr","Simulated",0.5,10,120,120,300,0.329542690636665,532.623673271092,0.025,0.025,0.00833333333333333,0.00833333333333333,0.00833333333333333,"Dropout",0.25,"signal","Split-Lasso-cert",1,0,1.23647274370294,0.00317647221838911,500
"Block corr","Simulated",0.5,10,120,120,300,0.329542690636665,532.623673271092,0.025,0.025,0.00833333333333333,0.00833333333333333,0.00833333333333333,"Dropout",0.25,"leading","Split-Lasso-cert",0.998,0.002,1.24000201700849,0.000516755951421547,500
"Block corr","Simulated",0.5,10,120,120,300,0.329542690636665,532.623673271092,0.025,0.025,0.00833333333333333,0.00833333333333333,0.00833333333333333,"Dropout",0.25,"trailing_nonzero","Split-Lasso-cert",0.998,0.002,1.65793586070025,0.00901980692779411,500
"Block corr","Simulated",0.5,10,120,120,300,0.329542690636665,532.623673271092,0.025,0.025,0.025,0,0,"Dropout",0.4,"signal","Credible",0,0,0.168106600600094,0,500
"Block corr","Simulated",0.5,10,120,120,300,0.329542690636665,532.623673271092,0.025,0.025,0.025,0,0,"Dropout",0.4,"leading","Credible",0.97,0.00763653280399768,1.03967781857478,0,500
"Block corr","Simulated",0.5,10,120,120,300,0.329542690636665,532.623673271092,0.025,0.025,0.025,0,0,"Dropout",0.4,"trailing_nonzero","Credible",0,0,0.43252389934526,0,500
"Block corr","Simulated",0.5,10,120,120,300,0.329542690636665,532.623673271092,0.025,0.025,0.025,0,0,"Dropout",0.4,"signal","Oracle",0.982,0.00595170947639271,1,0,500
"Block corr","Simulated",0.5,10,120,120,300,0.329542690636665,532.623673271092,0.025,0.025,0.025,0,0,"Dropout",0.4,"leading","Oracle",0.966,0.00811293037555217,1,0,500
"Block corr","Simulated",0.5,10,120,120,300,0.329542690636665,532.623673271092,0.025,0.025,0.025,0,0,"Dropout",0.4,"trailing_nonzero","Oracle",0.988,0.00487437370726499,1,0,500
"Block corr","Simulated",0.5,10,120,120,300,0.329542690636665,532.623673271092,0.025,0.025,0.0166666666666667,0,0.00833333333333333,"Dropout",0.4,"signal","Split-Lasso-0",1,0,76.6716583400327,0.000495345931457821,500
"Block corr","Simulated",0.5,10,120,120,300,0.329542690636665,532.623673271092,0.025,0.025,0.0166666666666667,0,0.00833333333333333,"Dropout",0.4,"leading","Split-Lasso-0",1,0,63.1972694223155,0,500
"Block corr","Simulated",0.5,10,120,120,300,0.329542690636665,532.623673271092,0.025,0.025,0.0166666666666667,0,0.00833333333333333,"Dropout",0.4,"trailing_nonzero","Split-Lasso-0",1,0,286.022348348088,0.00505888581038881,500
"Block corr","Simulated",0.5,10,120,120,300,0.329542690636665,532.623673271092,0.025,0.025,0.00833333333333333,0.00833333333333333,0.00833333333333333,"Dropout",0.4,"signal","Split-Lasso-cert",0.996,0.00282559160811887,1.22481293070961,0.00357956161653059,500
"Block corr","Simulated",0.5,10,120,120,300,0.329542690636665,532.623673271092,0.025,0.025,0.00833333333333333,0.00833333333333333,0.00833333333333333,"Dropout",0.4,"leading","Split-Lasso-cert",1,0,1.3017975334167,0.00100020452990626,500
"Block corr","Simulated",0.5,10,120,120,300,0.329542690636665,532.623673271092,0.025,0.025,0.00833333333333333,0.00833333333333333,0.00833333333333333,"Dropout",0.4,"trailing_nonzero","Split-Lasso-cert",0.996,0.00282559160811887,1.75037168752432,0.0110232570109812,500
"Block corr","Simulated",0.5,10,120,120,300,0.329542690636665,532.623673271092,0.025,0.025,0.025,0,0,"Gaussian",0.05,"signal","Credible",0.972,0.00738519344122606,0.971999979723854,0,500
"Block corr","Simulated",0.5,10,120,120,300,0.329542690636665,532.623673271092,0.025,0.025,0.025,0,0,"Gaussian",0.05,"leading","Credible",0.98,0.00626726073450186,1.00015173217573,0,500
"Block corr","Simulated",0.5,10,120,120,300,0.329542690636665,532.623673271092,0.025,0.025,0.025,0,0,"Gaussian",0.05,"trailing_nonzero","Credible",0.982,0.00595170947639272,0.99228962878678,0,500
"Block corr","Simulated",0.5,10,120,120,300,0.329542690636665,532.623673271092,0.025,0.025,0.025,0,0,"Gaussian",0.05,"signal","Oracle",0.974,0.00712386826085352,1,0,500
"Block corr","Simulated",0.5,10,120,120,300,0.329542690636665,532.623673271092,0.025,0.025,0.025,0,0,"Gaussian",0.05,"leading","Oracle",0.98,0.00626726073450186,1,0,500
"Block corr","Simulated",0.5,10,120,120,300,0.329542690636665,532.623673271092,0.025,0.025,0.025,0,0,"Gaussian",0.05,"trailing_nonzero","Oracle",0.982,0.00595170947639272,1,0,500
"Block corr","Simulated",0.5,10,120,120,300,0.329542690636665,532.623673271092,0.025,0.025,0.0166666666666667,0,0.00833333333333333,"Gaussian",0.05,"signal","Split-Lasso-0",1,0,4.10270822546991,1.56144419472907e-05,500
"Block corr","Simulated",0.5,10,120,120,300,0.329542690636665,532.623673271092,0.025,0.025,0.0166666666666667,0,0.00833333333333333,"Gaussian",0.05,"leading","Split-Lasso-0",0.996,0.00282559160811887,1.30105662608617,0,500
"Block corr","Simulated",0.5,10,120,120,300,0.329542690636665,532.623673271092,0.025,0.025,0.0166666666666667,0,0.00833333333333333,"Gaussian",0.05,"trailing_nonzero","Split-Lasso-0",1,0,5.65242918334372,7.52562252930889e-05,500
"Block corr","Simulated",0.5,10,120,120,300,0.329542690636665,532.623673271092,0.025,0.025,0.00833333333333333,0.00833333333333333,0.00833333333333333,"Gaussian",0.05,"signal","Split-Lasso-cert",0.994,0.00345715255775837,1.1796885239537,0.000133807863453082,500
"Block corr","Simulated",0.5,10,120,120,300,0.329542690636665,532.623673271092,0.025,0.025,0.00833333333333333,0.00833333333333333,0.00833333333333333,"Gaussian",0.05,"leading","Split-Lasso-cert",0.992,0.00398795782515694,1.17751797083185,3.60473293933483e-06,500
"Block corr","Simulated",0.5,10,120,120,300,0.329542690636665,532.623673271092,0.025,0.025,0.00833333333333333,0.00833333333333333,0.00833333333333333,"Gaussian",0.05,"trailing_nonzero","Split-Lasso-cert",0.994,0.00345715255775837,1.18620987720049,0.000186273828257882,500
"Block corr","Simulated",0.5,10,120,120,300,0.329542690636665,532.623673271092,0.025,0.025,0.025,0,0,"Gaussian",0.1,"signal","Credible",0.984,0.00561703678147198,0.897498793802783,0,500
"Block corr","Simulated",0.5,10,120,120,300,0.329542690636665,532.623673271092,0.025,0.025,0.025,0,0,"Gaussian",0.1,"leading","Credible",0.976,0.0068514147274512,1.00060679065082,0,500
"Block corr","Simulated",0.5,10,120,120,300,0.329542690636665,532.623673271092,0.025,0.025,0.025,0,0,"Gaussian",0.1,"trailing_nonzero","Credible",0.972,0.00738519344122605,0.970137736932698,0,500
"Block corr","Simulated",0.5,10,120,120,300,0.329542690636665,532.623673271092,0.025,0.025,0.025,0,0,"Gaussian",0.1,"signal","Oracle",0.99,0.0044541754970721,1,0,500
"Block corr","Simulated",0.5,10,120,120,300,0.329542690636665,532.623673271092,0.025,0.025,0.025,0,0,"Gaussian",0.1,"leading","Oracle",0.976,0.0068514147274512,1,0,500
"Block corr","Simulated",0.5,10,120,120,300,0.329542690636665,532.623673271092,0.025,0.025,0.025,0,0,"Gaussian",0.1,"trailing_nonzero","Oracle",0.974,0.00712386826085354,1,0,500
"Block corr","Simulated",0.5,10,120,120,300,0.329542690636665,532.623673271092,0.025,0.025,0.0166666666666667,0,0.00833333333333333,"Gaussian",0.1,"signal","Split-Lasso-0",1,0,12.1364421595221,5.90495344275694e-05,500
"Block corr","Simulated",0.5,10,120,120,300,0.329542690636665,532.623673271092,0.025,0.025,0.0166666666666667,0,0.00833333333333333,"Gaussian",0.1,"leading","Split-Lasso-0",1,0,2.0000100957,0,500
"Block corr","Simulated",0.5,10,120,120,300,0.329542690636665,532.623673271092,0.025,0.025,0.0166666666666667,0,0.00833333333333333,"Gaussian",0.1,"trailing_nonzero","Split-Lasso-0",1,0,18.7489758155421,0.000313580081901588,500
"Block corr","Simulated",0.5,10,120,120,300,0.329542690636665,532.623673271092,0.025,0.025,0.00833333333333333,0.00833333333333333,0.00833333333333333,"Gaussian",0.1,"signal","Split-Lasso-cert",0.998,0.002,1.18760168600418,0.000477331173889592,500
"Block corr","Simulated",0.5,10,120,120,300,0.329542690636665,532.623673271092,0.025,0.025,0.00833333333333333,0.00833333333333333,0.00833333333333333,"Gaussian",0.1,"leading","Split-Lasso-cert",0.994,0.00345715255775836,1.17891077284082,1.4565469648172e-05,500
"Block corr","Simulated",0.5,10,120,120,300,0.329542690636665,532.623673271092,0.025,0.025,0.00833333333333333,0.00833333333333333,0.00833333333333333,"Gaussian",0.1,"trailing_nonzero","Split-Lasso-cert",0.996,0.00282559160811887,1.21304917757688,0.000724758434894985,500
"Block corr","Simulated",0.5,10,120,120,300,0.329542690636665,532.623673271092,0.025,0.025,0.025,0,0,"Gaussian",0.2,"signal","Credible",0.894,0.0137807044678877,0.693620429128396,0,500
"Block corr","Simulated",0.5,10,120,120,300,0.329542690636665,532.623673271092,0.025,0.025,0.025,0,0,"Gaussian",0.2,"leading","Credible",0.966,0.00811293037555218,1.00242495878055,0,500
"Block corr","Simulated",0.5,10,120,120,300,0.329542690636665,532.623673271092,0.025,0.025,0.025,0,0,"Gaussian",0.2,"trailing_nonzero","Credible",0.984,0.00561703678147196,0.893877650577193,0,500
"Block corr","Simulated",0.5,10,120,120,300,0.329542690636665,532.623673271092,0.025,0.025,0.025,0,0,"Gaussian",0.2,"signal","Oracle",0.99,0.0044541754970721,1,0,500
"Block corr","Simulated",0.5,10,120,120,300,0.329542690636665,532.623673271092,0.025,0.025,0.025,0,0,"Gaussian",0.2,"leading","Oracle",0.966,0.00811293037555218,1,0,500
"Block corr","Simulated",0.5,10,120,120,300,0.329542690636665,532.623673271092,0.025,0.025,0.025,0,0,"Gaussian",0.2,"trailing_nonzero","Oracle",0.99,0.00445417549707208,1,0,500
"Block corr","Simulated",0.5,10,120,120,300,0.329542690636665,532.623673271092,0.025,0.025,0.0166666666666667,0,0.00833333333333333,"Gaussian",0.2,"signal","Split-Lasso-0",1,0,33.701335780944,0.000168435416119011,500
"Block corr","Simulated",0.5,10,120,120,300,0.329542690636665,532.623673271092,0.025,0.025,0.0166666666666667,0,0.00833333333333333,"Gaussian",0.2,"leading","Split-Lasso-0",1,0,4.79582397355709,0,500
"Block corr","Simulated",0.5,10,120,120,300,0.329542690636665,532.623673271092,0.025,0.025,0.0166666666666667,0,0.00833333333333333,"Gaussian",0.2,"trailing_nonzero","Split-Lasso-0",1,0,62.926193853851,0.00104030726930316,500
"Block corr","Simulated",0.5,10,120,120,300,0.329542690636665,532.623673271092,0.025,0.025,0.00833333333333333,0.00833333333333333,0.00833333333333333,"Gaussian",0.2,"signal","Split-Lasso-cert",0.998,0.002,1.20625555744298,0.00142598186259226,500
"Block corr","Simulated",0.5,10,120,120,300,0.329542690636665,532.623673271092,0.025,0.025,0.00833333333333333,0.00833333333333333,0.00833333333333333,"Gaussian",0.2,"leading","Split-Lasso-cert",0.98,0.00626726073450184,1.18454635059982,6.16675145492994e-05,500
"Block corr","Simulated",0.5,10,120,120,300,0.329542690636665,532.623673271092,0.025,0.025,0.00833333333333333,0.00833333333333333,0.00833333333333333,"Gaussian",0.2,"trailing_nonzero","Split-Lasso-cert",0.998,0.002,1.30327547122077,0.00253873423454415,500
"Block high-corr","Simulated",0.8,10,120,120,300,0.0792490953324214,837.78276756344,0.025,0.025,0.025,0,0,"Dropout",0.1,"signal","Credible",0,0,0.15488667492572,0,500
"Block high-corr","Simulated",0.8,10,120,120,300,0.0792490953324214,837.78276756344,0.025,0.025,0.025,0,0,"Dropout",0.1,"leading","Credible",0.966,0.00811293037555217,1.00338554700452,0,500
"Block high-corr","Simulated",0.8,10,120,120,300,0.0792490953324214,837.78276756344,0.025,0.025,0.025,0,0,"Dropout",0.1,"trailing_nonzero","Credible",0,0,0.172593784022659,0,500
"Block high-corr","Simulated",0.8,10,120,120,300,0.0792490953324214,837.78276756344,0.025,0.025,0.025,0,0,"Dropout",0.1,"signal","Oracle",0.99,0.00445417549707208,1,0,500
"Block high-corr","Simulated",0.8,10,120,120,300,0.0792490953324214,837.78276756344,0.025,0.025,0.025,0,0,"Dropout",0.1,"leading","Oracle",0.966,0.00811293037555217,1,0,500
"Block high-corr","Simulated",0.8,10,120,120,300,0.0792490953324214,837.78276756344,0.025,0.025,0.025,0,0,"Dropout",0.1,"trailing_nonzero","Oracle",0.99,0.00445417549707209,1,0,500
"Block high-corr","Simulated",0.8,10,120,120,300,0.0792490953324214,837.78276756344,0.025,0.025,0.0166666666666667,0,0.00833333333333333,"Dropout",0.1,"signal","Split-Lasso-0",1,0,90.2706827434303,0.00010324778854254,500
"Block high-corr","Simulated",0.8,10,120,120,300,0.0792490953324214,837.78276756344,0.025,0.025,0.0166666666666667,0,0.00833333333333333,"Dropout",0.1,"leading","Split-Lasso-0",1,0,24.747467182454,0,500
"Block high-corr","Simulated",0.8,10,120,120,300,0.0792490953324214,837.78276756344,0.025,0.025,0.0166666666666667,0,0.00833333333333333,"Dropout",0.1,"trailing_nonzero","Split-Lasso-0",1,0,131.248806865356,3.27262584557719e-05,500
"Block high-corr","Simulated",0.8,10,120,120,300,0.0792490953324214,837.78276756344,0.025,0.025,0.00833333333333333,0.00833333333333333,0.00833333333333333,"Dropout",0.1,"signal","Split-Lasso-cert",1,0,1.2102178244542,0.00270888227530006,500
"Block high-corr","Simulated",0.8,10,120,120,300,0.0792490953324214,837.78276756344,0.025,0.025,0.00833333333333333,0.00833333333333333,0.00833333333333333,"Dropout",0.1,"leading","Split-Lasso-cert",0.992,0.00398795782515695,1.18753202800527,8.56085379242034e-05,500
"Block high-corr","Simulated",0.8,10,120,120,300,0.0792490953324214,837.78276756344,0.025,0.025,0.00833333333333333,0.00833333333333333,0.00833333333333333,"Dropout",0.1,"trailing_nonzero","Split-Lasso-cert",0.998,0.002,1.25637481594508,0.00324217199547951,500
"Block high-corr","Simulated",0.8,10,120,120,300,0.0792490953324214,837.78276756344,0.025,0.025,0.025,0,0,"Dropout",0.25,"signal","Credible",0,0,0.0799082573932142,0,500
"Block high-corr","Simulated",0.8,10,120,120,300,0.0792490953324214,837.78276756344,0.025,0.025,0.025,0,0,"Dropout",0.25,"leading","Credible",0.97,0.00763653280399767,1.01012260038705,0,500
"Block high-corr","Simulated",0.8,10,120,120,300,0.0792490953324214,837.78276756344,0.025,0.025,0.025,0,0,"Dropout",0.25,"trailing_nonzero","Credible",0,0,0.0917784247861376,0,500
"Block high-corr","Simulated",0.8,10,120,120,300,0.0792490953324214,837.78276756344,0.025,0.025,0.025,0,0,"Dropout",0.25,"signal","Oracle",0.988,0.00487437370726496,1,0,500
"Block high-corr","Simulated",0.8,10,120,120,300,0.0792490953324214,837.78276756344,0.025,0.025,0.025,0,0,"Dropout",0.25,"leading","Oracle",0.97,0.00763653280399767,1,0,500
"Block high-corr","Simulated",0.8,10,120,120,300,0.0792490953324214,837.78276756344,0.025,0.025,0.025,0,0,"Dropout",0.25,"trailing_nonzero","Oracle",0.99,0.00445417549707213,1,0,500
"Block high-corr","Simulated",0.8,10,120,120,300,0.0792490953324214,837.78276756344,0.025,0.025,0.0166666666666667,0,0.00833333333333333,"Dropout",0.25,"signal","Split-Lasso-0",1,0,92.1443317949636,0.000150514408961152,500
"Block high-corr","Simulated",0.8,10,120,120,300,0.0792490953324214,837.78276756344,0.025,0.025,0.0166666666666667,0,0.00833333333333333,"Dropout",0.25,"leading","Split-Lasso-0",1,0,72.1062572745294,0,500
"Block high-corr","Simulated",0.8,10,120,120,300,0.0792490953324214,837.78276756344,0.025,0.025,0.0166666666666667,0,0.00833333333333333,"Dropout",0.25,"trailing_nonzero","Split-Lasso-0",1,0,141.57051206713,3.66153558356195e-05,500
"Block high-corr","Simulated",0.8,10,120,120,300,0.0792490953324214,837.78276756344,0.025,0.025,0.00833333333333333,0.00833333333333333,0.00833333333333333,"Dropout",0.25,"signal","Split-Lasso-cert",1,0,1.19678471798188,0.00290473178122975,500
"Block high-corr","Simulated",0.8,10,120,120,300,0.0792490953324214,837.78276756344,0.025,0.025,0.00833333333333333,0.00833333333333333,0.00833333333333333,"Dropout",0.25,"leading","Split-Lasso-cert",0.992,0.00398795782515695,1.20873300864588,0.000251768427062349,500
"Block high-corr","Simulated",0.8,10,120,120,300,0.0792490953324214,837.78276756344,0.025,0.025,0.00833333333333333,0.00833333333333333,0.00833333333333333,"Dropout",0.25,"trailing_nonzero","Split-Lasso-cert",0.996,0.00282559160811887,1.25209215030508,0.00373101839334577,500
"Block high-corr","Simulated",0.8,10,120,120,300,0.0792490953324214,837.78276756344,0.025,0.025,0.025,0,0,"Dropout",0.4,"signal","Credible",0,0,0.0540614181335896,0,500
"Block high-corr","Simulated",0.8,10,120,120,300,0.0792490953324214,837.78276756344,0.025,0.025,0.025,0,0,"Dropout",0.4,"leading","Credible",0.982,0.00595170947639271,1.02014476209282,0,500
"Block high-corr","Simulated",0.8,10,120,120,300,0.0792490953324214,837.78276756344,0.025,0.025,0.025,0,0,"Dropout",0.4,"trailing_nonzero","Credible",0,0,0.0630455745647534,0,500
"Block high-corr","Simulated",0.8,10,120,120,300,0.0792490953324214,837.78276756344,0.025,0.025,0.025,0,0,"Dropout",0.4,"signal","Oracle",0.984,0.00561703678147196,1,0,500
"Block high-corr","Simulated",0.8,10,120,120,300,0.0792490953324214,837.78276756344,0.025,0.025,0.025,0,0,"Dropout",0.4,"leading","Oracle",0.98,0.00626726073450183,1,0,500
"Block high-corr","Simulated",0.8,10,120,120,300,0.0792490953324214,837.78276756344,0.025,0.025,0.025,0,0,"Dropout",0.4,"trailing_nonzero","Oracle",0.986,0.00525959377265075,1,0,500
"Block high-corr","Simulated",0.8,10,120,120,300,0.0792490953324214,837.78276756344,0.025,0.025,0.0166666666666667,0,0.00833333333333333,"Dropout",0.4,"signal","Split-Lasso-0",1,0,93.2712807814787,0.000182293869946876,500
"Block high-corr","Simulated",0.8,10,120,120,300,0.0792490953324214,837.78276756344,0.025,0.025,0.0166666666666667,0,0.00833333333333333,"Dropout",0.4,"leading","Split-Lasso-0",1,0,143.144442412652,0,500
"Block high-corr","Simulated",0.8,10,120,120,300,0.0792490953324214,837.78276756344,0.025,0.025,0.0166666666666667,0,0.00833333333333333,"Dropout",0.4,"trailing_nonzero","Split-Lasso-0",1,0,144.4119048009,3.84061456926689e-05,500
"Block high-corr","Simulated",0.8,10,120,120,300,0.0792490953324214,837.78276756344,0.025,0.025,0.00833333333333333,0.00833333333333333,0.00833333333333333,"Dropout",0.4,"signal","Split-Lasso-cert",0.998,0.002,1.19386430236977,0.00275302913865664,500
"Block high-corr","Simulated",0.8,10,120,120,300,0.0792490953324214,837.78276756344,0.025,0.025,0.00833333333333333,0.00833333333333333,0.00833333333333333,"Dropout",0.4,"leading","Split-Lasso-cert",1,0,1.23946746849309,0.000481460251154039,500
"Block high-corr","Simulated",0.8,10,120,120,300,0.0792490953324214,837.78276756344,0.025,0.025,0.00833333333333333,0.00833333333333333,0.00833333333333333,"Dropout",0.4,"trailing_nonzero","Split-Lasso-cert",1,0,1.25681993216062,0.00351839571545892,500
"Block high-corr","Simulated",0.8,10,120,120,300,0.0792490953324214,837.78276756344,0.025,0.025,0.025,0,0,"Gaussian",0.05,"signal","Credible",0.966,0.00811293037555217,0.84780475309764,0,500
"Block high-corr","Simulated",0.8,10,120,120,300,0.0792490953324214,837.78276756344,0.025,0.025,0.025,0,0,"Gaussian",0.05,"leading","Credible",0.98,0.00626726073450187,1.00007630084342,0,500
"Block high-corr","Simulated",0.8,10,120,120,300,0.0792490953324214,837.78276756344,0.025,0.025,0.025,0,0,"Gaussian",0.05,"trailing_nonzero","Credible",0.96,0.00877233764829142,0.859972949248219,0,500
"Block high-corr","Simulated",0.8,10,120,120,300,0.0792490953324214,837.78276756344,0.025,0.025,0.025,0,0,"Gaussian",0.05,"signal","Oracle",0.988,0.00487437370726498,1,0,500
"Block high-corr","Simulated",0.8,10,120,120,300,0.0792490953324214,837.78276756344,0.025,0.025,0.025,0,0,"Gaussian",0.05,"leading","Oracle",0.98,0.00626726073450187,1,0,500
"Block high-corr","Simulated",0.8,10,120,120,300,0.0792490953324214,837.78276756344,0.025,0.025,0.025,0,0,"Gaussian",0.05,"trailing_nonzero","Oracle",0.982,0.00595170947639271,1,0,500
"Block high-corr","Simulated",0.8,10,120,120,300,0.0792490953324214,837.78276756344,0.025,0.025,0.0166666666666667,0,0.00833333333333333,"Gaussian",0.05,"signal","Split-Lasso-0",1,0,18.8777215243054,1.18529807542508e-05,500
"Block high-corr","Simulated",0.8,10,120,120,300,0.0792490953324214,837.78276756344,0.025,0.025,0.0166666666666667,0,0.00833333333333333,"Gaussian",0.05,"leading","Split-Lasso-0",0.998,0.002,1.60085852458982,0,500
"Block high-corr","Simulated",0.8,10,120,120,300,0.0792490953324214,837.78276756344,0.025,0.025,0.0166666666666667,0,0.00833333333333333,"Gaussian",0.05,"trailing_nonzero","Split-Lasso-0",1,0,23.5621613334934,5.72055476638033e-06,500
"Block high-corr","Simulated",0.8,10,120,120,300,0.0792490953324214,837.78276756344,0.025,0.025,0.00833333333333333,0.00833333333333333,0.00833333333333333,"Gaussian",0.05,"signal","Split-Lasso-cert",0.996,0.00282559160811887,1.18365679384198,0.000517039679543456,500
"Block high-corr","Simulated",0.8,10,120,120,300,0.0792490953324214,837.78276756344,0.025,0.025,0.00833333333333333,0.00833333333333333,0.00833333333333333,"Gaussian",0.05,"leading","Split-Lasso-cert",0.992,0.00398795782515695,1.17729301739944,1.90066917483394e-06,500
"Block high-corr","Simulated",0.8,10,120,120,300,0.0792490953324214,837.78276756344,0.025,0.025,0.00833333333333333,0.00833333333333333,0.00833333333333333,"Gaussian",0.05,"trailing_nonzero","Split-Lasso-cert",0.998,0.002,1.18929676177522,0.000568009044170642,500
"Block high-corr","Simulated",0.8,10,120,120,300,0.0792490953324214,837.78276756344,0.025,0.025,0.025,0,0,"Gaussian",0.1,"signal","Credible",0.74,0.0196359655297255,0.591641229350582,0,500
"Block high-corr","Simulated",0.8,10,120,120,300,0.0792490953324214,837.78276756344,0.025,0.025,0.025,0,0,"Gaussian",0.1,"leading","Credible",0.972,0.00738519344122606,1.0003051684533,0,500
"Block high-corr","Simulated",0.8,10,120,120,300,0.0792490953324214,837.78276756344,0.025,0.025,0.025,0,0,"Gaussian",0.1,"trailing_nonzero","Credible",0.78,0.0185442113758203,0.615834159002237,0,500
"Block high-corr","Simulated",0.8,10,120,120,300,0.0792490953324214,837.78276756344,0.025,0.025,0.025,0,0,"Gaussian",0.1,"signal","Oracle",0.988,0.00487437370726495,1,0,500
"Block high-corr","Simulated",0.8,10,120,120,300,0.0792490953324214,837.78276756344,0.025,0.025,0.025,0,0,"Gaussian",0.1,"leading","Oracle",0.972,0.00738519344122606,1,0,500
"Block high-corr","Simulated",0.8,10,120,120,300,0.0792490953324214,837.78276756344,0.025,0.025,0.025,0,0,"Gaussian",0.1,"trailing_nonzero","Oracle",0.994,0.0034571525577584,1,0,500
"Block high-corr","Simulated",0.8,10,120,120,300,0.0792490953324214,837.78276756344,0.025,0.025,0.0166666666666667,0,0.00833333333333333,"Gaussian",0.1,"signal","Split-Lasso-0",1,0,48.4192243614631,3.21627455035605e-05,500
"Block high-corr","Simulated",0.8,10,120,120,300,0.0792490953324214,837.78276756344,0.025,0.025,0.0166666666666667,0,0.00833333333333333,"Gaussian",0.1,"leading","Split-Lasso-0",1,0,3.19921769060731,0,500
"Block high-corr","Simulated",0.8,10,120,120,300,0.0792490953324214,837.78276756344,0.025,0.025,0.0166666666666667,0,0.00833333333333333,"Gaussian",0.1,"trailing_nonzero","Split-Lasso-0",1,0,62.642938614718,1.49661098311005e-05,500
"Block high-corr","Simulated",0.8,10,120,120,300,0.0792490953324214,837.78276756344,0.025,0.025,0.00833333333333333,0.00833333333333333,0.00833333333333333,"Gaussian",0.1,"signal","Split-Lasso-cert",0.998,0.002,1.19681108910459,0.00136491877963928,500
"Block high-corr","Simulated",0.8,10,120,120,300,0.0792490953324214,837.78276756344,0.025,0.025,0.00833333333333333,0.00833333333333333,0.00833333333333333,"Gaussian",0.1,"leading","Split-Lasso-cert",0.992,0.00398795782515694,1.17800476138657,7.62716595718705e-06,500
"Block high-corr","Simulated",0.8,10,120,120,300,0.0792490953324214,837.78276756344,0.025,0.025,0.00833333333333333,0.00833333333333333,0.00833333333333333,"Gaussian",0.1,"trailing_nonzero","Split-Lasso-cert",1,0,1.21344420357292,0.00152377369507675,500
"Block high-corr","Simulated",0.8,10,120,120,300,0.0792490953324214,837.78276756344,0.025,0.025,0.025,0,0,"Gaussian",0.2,"signal","Credible",0,0,0.29207670212284,0,500
"Block high-corr","Simulated",0.8,10,120,120,300,0.0792490953324214,837.78276756344,0.025,0.025,0.025,0,0,"Gaussian",0.2,"leading","Credible",0.966,0.00811293037555218,1.00122011572757,0,500
"Block high-corr","Simulated",0.8,10,120,120,300,0.0792490953324214,837.78276756344,0.025,0.025,0.025,0,0,"Gaussian",0.2,"trailing_nonzero","Credible",0,0,0.315887740895348,0,500
"Block high-corr","Simulated",0.8,10,120,120,300,0.0792490953324214,837.78276756344,0.025,0.025,0.025,0,0,"Gaussian",0.2,"signal","Oracle",0.986,0.00525959377265074,1,0,500
"Block high-corr","Simulated",0.8,10,120,120,300,0.0792490953324214,837.78276756344,0.025,0.025,0.025,0,0,"Gaussian",0.2,"leading","Oracle",0.966,0.00811293037555218,1,0,500
"Block high-corr","Simulated",0.8,10,120,120,300,0.0792490953324214,837.78276756344,0.025,0.025,0.025,0,0,"Gaussian",0.2,"trailing_nonzero","Oracle",0.986,0.00525959377265074,1,0,500
"Block high-corr","Simulated",0.8,10,120,120,300,0.0792490953324214,837.78276756344,0.025,0.025,0.0166666666666667,0,0.00833333333333333,"Gaussian",0.2,"signal","Split-Lasso-0",1,0,80.4723447450898,6.95142580529685e-05,500
"Block high-corr","Simulated",0.8,10,120,120,300,0.0792490953324214,837.78276756344,0.025,0.025,0.0166666666666667,0,0.00833333333333333,"Gaussian",0.2,"leading","Split-Lasso-0",1,0,9.59265435297414,0,500
"Block high-corr","Simulated",0.8,10,120,120,300,0.0792490953324214,837.78276756344,0.025,0.025,0.0166666666666667,0,0.00833333333333333,"Gaussian",0.2,"trailing_nonzero","Split-Lasso-0",1,0,109.923871953905,2.759496037465e-05,500
"Block high-corr","Simulated",0.8,10,120,120,300,0.0792490953324214,837.78276756344,0.025,0.025,0.00833333333333333,0.00833333333333333,0.00833333333333333,"Gaussian",0.2,"signal","Split-Lasso-cert",1,0,1.20373961121649,0.00222003868772104,500
"Block high-corr","Simulated",0.8,10,120,120,300,0.0792490953324214,837.78276756344,0.025,0.025,0.00833333333333333,0.00833333333333333,0.00833333333333333,"Gaussian",0.2,"leading","Split-Lasso-cert",1,0,1.18082241060678,2.9656930341994e-05,500
"Block high-corr","Simulated",0.8,10,120,120,300,0.0792490953324214,837.78276756344,0.025,0.025,0.00833333333333333,0.00833333333333333,0.00833333333333333,"Gaussian",0.2,"trailing_nonzero","Split-Lasso-cert",0.998,0.002,1.2353033270139,0.00263863763430979,500
"Block dense-support","Simulated",0.5,20,120,120,300,0.232979180815309,1849.36533577892,0.025,0.025,0.025,0,0,"Dropout",0.1,"signal","Credible",0.128,0.0149559138375907,0.435796851957487,0,500
"Block dense-support","Simulated",0.5,20,120,120,300,0.232979180815309,1849.36533577892,0.025,0.025,0.025,0,0,"Dropout",0.1,"leading","Credible",0.986,0.00525959377265074,1.0063422255281,0,500
"Block dense-support","Simulated",0.5,20,120,120,300,0.232979180815309,1849.36533577892,0.025,0.025,0.025,0,0,"Dropout",0.1,"trailing_nonzero","Credible",0.808,0.017632180454361,0.660199446975558,0,500
"Block dense-support","Simulated",0.5,20,120,120,300,0.232979180815309,1849.36533577892,0.025,0.025,0.025,0,0,"Dropout",0.1,"signal","Oracle",0.982,0.00595170947639271,1,0,500
"Block dense-support","Simulated",0.5,20,120,120,300,0.232979180815309,1849.36533577892,0.025,0.025,0.025,0,0,"Dropout",0.1,"leading","Oracle",0.982,0.00595170947639271,1,0,500
"Block dense-support","Simulated",0.5,20,120,120,300,0.232979180815309,1849.36533577892,0.025,0.025,0.025,0,0,"Dropout",0.1,"trailing_nonzero","Oracle",0.988,0.00487437370726497,1,0,500
"Block dense-support","Simulated",0.5,20,120,120,300,0.232979180815309,1849.36533577892,0.025,0.025,0.0166666666666667,0,0.00833333333333333,"Dropout",0.1,"signal","Split-Lasso-0",1,0,110.907606912252,9.6969127812088e-05,500
"Block dense-support","Simulated",0.5,20,120,120,300,0.232979180815309,1849.36533577892,0.025,0.025,0.0166666666666667,0,0.00833333333333333,"Dropout",0.1,"leading","Split-Lasso-0",1,0,29.9336321773,0,500
"Block dense-support","Simulated",0.5,20,120,120,300,0.232979180815309,1849.36533577892,0.025,0.025,0.0166666666666667,0,0.00833333333333333,"Dropout",0.1,"trailing_nonzero","Split-Lasso-0",1,0,252.640311921496,0.000137030723062466,500
"Block dense-support","Simulated",0.5,20,120,120,300,0.232979180815309,1849.36533577892,0.025,0.025,0.00833333333333333,0.00833333333333333,0.00833333333333333,"Dropout",0.1,"signal","Split-Lasso-cert",0.994,0.00345715255775836,1.23521727108394,0.0026778730462347,500
"Block dense-support","Simulated",0.5,20,120,120,300,0.232979180815309,1849.36533577892,0.025,0.025,0.00833333333333333,0.00833333333333333,0.00833333333333333,"Dropout",0.1,"leading","Split-Lasso-cert",1,0,1.19637859908903,0.000143865226951636,500
"Block dense-support","Simulated",0.5,20,120,120,300,0.232979180815309,1849.36533577892,0.025,0.025,0.00833333333333333,0.00833333333333333,0.00833333333333333,"Dropout",0.1,"trailing_nonzero","Split-Lasso-cert",0.998,0.002,1.47387956028195,0.00587423774437293,500
"Block dense-support","Simulated",0.5,20,120,120,300,0.232979180815309,1849.36533577892,0.025,0.025,0.025,0,0,"Dropout",0.25,"signal","Credible",0,0,0.231071966876189,0,500
"Block dense-support","Simulated",0.5,20,120,120,300,0.232979180815309,1849.36533577892,0.025,0.025,0.025,0,0,"Dropout",0.25,"leading","Credible",0.984,0.00561703678147195,1.01890825133696,0,500
"Block dense-support","Simulated",0.5,20,120,120,300,0.232979180815309,1849.36533577892,0.025,0.025,0.025,0,0,"Dropout",0.25,"trailing_nonzero","Credible",0.004,0.00282559160811887,0.445078850408459,0,500
"Block dense-support","Simulated",0.5,20,120,120,300,0.232979180815309,1849.36533577892,0.025,0.025,0.025,0,0,"Dropout",0.25,"signal","Oracle",0.99,0.00445417549707212,1,0,500
"Block dense-support","Simulated",0.5,20,120,120,300,0.232979180815309,1849.36533577892,0.025,0.025,0.025,0,0,"Dropout",0.25,"leading","Oracle",0.98,0.00626726073450184,1,0,500
"Block dense-support","Simulated",0.5,20,120,120,300,0.232979180815309,1849.36533577892,0.025,0.025,0.025,0,0,"Dropout",0.25,"trailing_nonzero","Oracle",0.992,0.00398795782515694,1,0,500
"Block dense-support","Simulated",0.5,20,120,120,300,0.232979180815309,1849.36533577892,0.025,0.025,0.0166666666666667,0,0.00833333333333333,"Dropout",0.25,"signal","Split-Lasso-0",1,0,128.439056843206,0.000145530683969821,500
"Block dense-support","Simulated",0.5,20,120,120,300,0.232979180815309,1849.36533577892,0.025,0.025,0.0166666666666667,0,0.00833333333333333,"Dropout",0.25,"leading","Split-Lasso-0",1,0,87.6647522591193,0,500
"Block dense-support","Simulated",0.5,20,120,120,300,0.232979180815309,1849.36533577892,0.025,0.025,0.0166666666666667,0,0.00833333333333333,"Dropout",0.25,"trailing_nonzero","Split-Lasso-0",1,0,390.261363100802,0.000223273189597949,500
"Block dense-support","Simulated",0.5,20,120,120,300,0.232979180815309,1849.36533577892,0.025,0.025,0.00833333333333333,0.00833333333333333,0.00833333333333333,"Dropout",0.25,"signal","Split-Lasso-cert",0.996,0.00282559160811887,1.22725847109899,0.00287292837588071,500
"Block dense-support","Simulated",0.5,20,120,120,300,0.232979180815309,1849.36533577892,0.025,0.025,0.00833333333333333,0.00833333333333333,0.00833333333333333,"Dropout",0.25,"leading","Split-Lasso-cert",1,0,1.23570895119849,0.000443123474815687,500
"Block dense-support","Simulated",0.5,20,120,120,300,0.232979180815309,1849.36533577892,0.025,0.025,0.00833333333333333,0.00833333333333333,0.00833333333333333,"Dropout",0.25,"trailing_nonzero","Split-Lasso-cert",0.998,0.002,1.62805533574465,0.0085068172841448,500
"Block dense-support","Simulated",0.5,20,120,120,300,0.232979180815309,1849.36533577892,0.025,0.025,0.025,0,0,"Dropout",0.4,"signal","Credible",0,0,0.149357360384823,0,500
"Block dense-support","Simulated",0.5,20,120,120,300,0.232979180815309,1849.36533577892,0.025,0.025,0.025,0,0,"Dropout",0.4,"leading","Credible",0.978,0.00656644778194011,1.03747195108354,0,500
"Block dense-support","Simulated",0.5,20,120,120,300,0.232979180815309,1849.36533577892,0.025,0.025,0.025,0,0,"Dropout",0.4,"trailing_nonzero","Credible",0,0,0.328356570830323,0,500
"Block dense-support","Simulated",0.5,20,120,120,300,0.232979180815309,1849.36533577892,0.025,0.025,0.025,0,0,"Dropout",0.4,"signal","Oracle",0.99,0.0044541754970721,1,0,500
"Block dense-support","Simulated",0.5,20,120,120,300,0.232979180815309,1849.36533577892,0.025,0.025,0.025,0,0,"Dropout",0.4,"leading","Oracle",0.976,0.00685141472745121,1,0,500
"Block dense-support","Simulated",0.5,20,120,120,300,0.232979180815309,1849.36533577892,0.025,0.025,0.025,0,0,"Dropout",0.4,"trailing_nonzero","Oracle",0.996,0.00282559160811887,1,0,500
"Block dense-support","Simulated",0.5,20,120,120,300,0.232979180815309,1849.36533577892,0.025,0.025,0.0166666666666667,0,0.00833333333333333,"Dropout",0.4,"signal","Split-Lasso-0",1,0,131.067074234733,0.000184635740343864,500
"Block dense-support","Simulated",0.5,20,120,120,300,0.232979180815309,1849.36533577892,0.025,0.025,0.0166666666666667,0,0.00833333333333333,"Dropout",0.4,"leading","Split-Lasso-0",1,0,174.261432381838,0,500
"Block dense-support","Simulated",0.5,20,120,120,300,0.232979180815309,1849.36533577892,0.025,0.025,0.0166666666666667,0,0.00833333333333333,"Dropout",0.4,"trailing_nonzero","Split-Lasso-0",1,0,451.920390868009,0.000265728728381728,500
"Block dense-support","Simulated",0.5,20,120,120,300,0.232979180815309,1849.36533577892,0.025,0.025,0.00833333333333333,0.00833333333333333,0.00833333333333333,"Dropout",0.4,"signal","Split-Lasso-cert",0.998,0.002,1.21274653391259,0.00313601331100807,500
"Block dense-support","Simulated",0.5,20,120,120,300,0.232979180815309,1849.36533577892,0.025,0.025,0.00833333333333333,0.00833333333333333,0.00833333333333333,"Dropout",0.4,"leading","Split-Lasso-cert",1,0,1.2948750488137,0.000903765338837893,500
"Block dense-support","Simulated",0.5,20,120,120,300,0.232979180815309,1849.36533577892,0.025,0.025,0.00833333333333333,0.00833333333333333,0.00833333333333333,"Dropout",0.4,"trailing_nonzero","Split-Lasso-cert",0.998,0.002,1.71498656174708,0.0100156430710954,500
"Block dense-support","Simulated",0.5,20,120,120,300,0.232979180815309,1849.36533577892,0.025,0.025,0.025,0,0,"Gaussian",0.05,"signal","Credible",0.994,0.00345715255775838,0.968496009144763,0,500
"Block dense-support","Simulated",0.5,20,120,120,300,0.232979180815309,1849.36533577892,0.025,0.025,0.025,0,0,"Gaussian",0.05,"leading","Credible",0.976,0.00685141472745118,1.00014314234753,0,500
"Block dense-support","Simulated",0.5,20,120,120,300,0.232979180815309,1849.36533577892,0.025,0.025,0.025,0,0,"Gaussian",0.05,"trailing_nonzero","Credible",0.98,0.00626726073450186,0.986509018543644,0,500
"Block dense-support","Simulated",0.5,20,120,120,300,0.232979180815309,1849.36533577892,0.025,0.025,0.025,0,0,"Gaussian",0.05,"signal","Oracle",0.994,0.00345715255775838,1,0,500
"Block dense-support","Simulated",0.5,20,120,120,300,0.232979180815309,1849.36533577892,0.025,0.025,0.025,0,0,"Gaussian",0.05,"leading","Oracle",0.976,0.00685141472745118,1,0,500
"Block dense-support","Simulated",0.5,20,120,120,300,0.232979180815309,1849.36533577892,0.025,0.025,0.025,0,0,"Gaussian",0.05,"trailing_nonzero","Oracle",0.98,0.00626726073450186,1,0,500
"Block dense-support","Simulated",0.5,20,120,120,300,0.232979180815309,1849.36533577892,0.025,0.025,0.0166666666666667,0,0.00833333333333333,"Gaussian",0.05,"signal","Split-Lasso-0",1,0,8.16026874392263,4.46441088102487e-06,500
"Block dense-support","Simulated",0.5,20,120,120,300,0.232979180815309,1849.36533577892,0.025,0.025,0.0166666666666667,0,0.00833333333333333,"Gaussian",0.05,"leading","Split-Lasso-0",1,0,1.71754723750749,0,500
"Block dense-support","Simulated",0.5,20,120,120,300,0.232979180815309,1849.36533577892,0.025,0.025,0.0166666666666667,0,0.00833333333333333,"Gaussian",0.05,"trailing_nonzero","Split-Lasso-0",1,0,11.5313561601748,6.00956676533729e-06,500
"Block dense-support","Simulated",0.5,20,120,120,300,0.232979180815309,1849.36533577892,0.025,0.025,0.00833333333333333,0.00833333333333333,0.00833333333333333,"Gaussian",0.05,"signal","Split-Lasso-cert",1,0,1.18141461722541,0.000158808444446937,500
"Block dense-support","Simulated",0.5,20,120,120,300,0.232979180815309,1849.36533577892,0.025,0.025,0.00833333333333333,0.00833333333333333,0.00833333333333333,"Gaussian",0.05,"leading","Split-Lasso-cert",0.988,0.00487437370726499,1.17749648062898,3.56286631785828e-06,500
"Block dense-support","Simulated",0.5,20,120,120,300,0.232979180815309,1849.36533577892,0.025,0.025,0.00833333333333333,0.00833333333333333,0.00833333333333333,"Gaussian",0.05,"trailing_nonzero","Split-Lasso-cert",0.99,0.0044541754970721,1.18961510601345,0.00023936148315356,500
"Block dense-support","Simulated",0.5,20,120,120,300,0.232979180815309,1849.36533577892,0.025,0.025,0.025,0,0,"Gaussian",0.1,"signal","Credible",0.974,0.00712386826085353,0.885773138508437,0,500
"Block dense-support","Simulated",0.5,20,120,120,300,0.232979180815309,1849.36533577892,0.025,0.025,0.025,0,0,"Gaussian",0.1,"leading","Credible",0.974,0.00712386826085353,1.00057244652213,0,500
"Block dense-support","Simulated",0.5,20,120,120,300,0.232979180815309,1849.36533577892,0.025,0.025,0.025,0,0,"Gaussian",0.1,"trailing_nonzero","Credible",0.974,0.00712386826085353,0.948817128243508,0,500
"Block dense-support","Simulated",0.5,20,120,120,300,0.232979180815309,1849.36533577892,0.025,0.025,0.025,0,0,"Gaussian",0.1,"signal","Oracle",0.992,0.00398795782515695,1,0,500
"Block dense-support","Simulated",0.5,20,120,120,300,0.232979180815309,1849.36533577892,0.025,0.025,0.025,0,0,"Gaussian",0.1,"leading","Oracle",0.974,0.00712386826085353,1,0,500
"Block dense-support","Simulated",0.5,20,120,120,300,0.232979180815309,1849.36533577892,0.025,0.025,0.025,0,0,"Gaussian",0.1,"trailing_nonzero","Oracle",0.98,0.00626726073450185,1,0,500
"Block dense-support","Simulated",0.5,20,120,120,300,0.232979180815309,1849.36533577892,0.025,0.025,0.0166666666666667,0,0.00833333333333333,"Gaussian",0.1,"signal","Split-Lasso-0",1,0,26.4703853329569,1.5729096068065e-05,500
"Block dense-support","Simulated",0.5,20,120,120,300,0.232979180815309,1849.36533577892,0.025,0.025,0.0166666666666667,0,0.00833333333333333,"Gaussian",0.1,"leading","Split-Lasso-0",1,0,3.66597253993417,0,500
"Block dense-support","Simulated",0.5,20,120,120,300,0.232979180815309,1849.36533577892,0.025,0.025,0.0166666666666667,0,0.00833333333333333,"Gaussian",0.1,"trailing_nonzero","Split-Lasso-0",1,0,40.6046374166107,2.13735185569023e-05,500
"Block dense-support","Simulated",0.5,20,120,120,300,0.232979180815309,1849.36533577892,0.025,0.025,0.00833333333333333,0.00833333333333333,0.00833333333333333,"Gaussian",0.1,"signal","Split-Lasso-cert",0.998,0.002,1.19179848435077,0.000592879213859674,500
"Block dense-support","Simulated",0.5,20,120,120,300,0.232979180815309,1849.36533577892,0.025,0.025,0.00833333333333333,0.00833333333333333,0.00833333333333333,"Gaussian",0.1,"leading","Split-Lasso-cert",0.99,0.00445417549707209,1.17881382917849,1.40134575224289e-05,500
"Block dense-support","Simulated",0.5,20,120,120,300,0.232979180815309,1849.36533577892,0.025,0.025,0.00833333333333333,0.00833333333333333,0.00833333333333333,"Gaussian",0.1,"trailing_nonzero","Split-Lasso-cert",0.996,0.00282559160811887,1.22270901285598,0.000947532625318458,500
"Block dense-support","Simulated",0.5,20,120,120,300,0.232979180815309,1849.36533577892,0.025,0.025,0.025,0,0,"Gaussian",0.2,"signal","Credible",0.852,0.0158964585612512,0.667174819057986,0,500
"Block dense-support","Simulated",0.5,20,120,120,300,0.232979180815309,1849.36533577892,0.025,0.025,0.025,0,0,"Gaussian",0.2,"leading","Credible",0.98,0.00626726073450183,1.00228782440829,0,500
"Block dense-support","Simulated",0.5,20,120,120,300,0.232979180815309,1849.36533577892,0.025,0.025,0.025,0,0,"Gaussian",0.2,"trailing_nonzero","Credible",0.964,0.00833949004366434,0.829904302010041,0,500
"Block dense-support","Simulated",0.5,20,120,120,300,0.232979180815309,1849.36533577892,0.025,0.025,0.025,0,0,"Gaussian",0.2,"signal","Oracle",0.984,0.00561703678147197,1,0,500
"Block dense-support","Simulated",0.5,20,120,120,300,0.232979180815309,1849.36533577892,0.025,0.025,0.025,0,0,"Gaussian",0.2,"leading","Oracle",0.98,0.00626726073450183,1,0,500
"Block dense-support","Simulated",0.5,20,120,120,300,0.232979180815309,1849.36533577892,0.025,0.025,0.025,0,0,"Gaussian",0.2,"trailing_nonzero","Oracle",0.988,0.00487437370726497,1,0,500
"Block dense-support","Simulated",0.5,20,120,120,300,0.232979180815309,1849.36533577892,0.025,0.025,0.0166666666666667,0,0.00833333333333333,"Gaussian",0.2,"signal","Split-Lasso-0",1,0,71.8198553410781,5.1733193340883e-05,500
"Block dense-support","Simulated",0.5,20,120,120,300,0.232979180815309,1849.36533577892,0.025,0.025,0.0166666666666667,0,0.00833333333333333,"Gaussian",0.2,"leading","Split-Lasso-0",1,0,11.4596737511403,0,500
"Block dense-support","Simulated",0.5,20,120,120,300,0.232979180815309,1849.36533577892,0.025,0.025,0.0166666666666667,0,0.00833333333333333,"Gaussian",0.2,"trailing_nonzero","Split-Lasso-0",1,0,130.547703580632,8.39745800417959e-05,500
"Block dense-support","Simulated",0.5,20,120,120,300,0.232979180815309,1849.36533577892,0.025,0.025,0.00833333333333333,0.00833333333333333,0.00833333333333333,"Gaussian",0.2,"signal","Split-Lasso-cert",0.992,0.00398795782515695,1.2177974640068,0.0016691978080669,500
"Block dense-support","Simulated",0.5,20,120,120,300,0.232979180815309,1849.36533577892,0.025,0.025,0.00833333333333333,0.00833333333333333,0.00833333333333333,"Gaussian",0.2,"leading","Split-Lasso-cert",0.994,0.00345715255775838,1.18410209386623,5.56827884405311e-05,500
"Block dense-support","Simulated",0.5,20,120,120,300,0.232979180815309,1849.36533577892,0.025,0.025,0.00833333333333333,0.00833333333333333,0.00833333333333333,"Gaussian",0.2,"trailing_nonzero","Split-Lasso-cert",0.994,0.00345715255775838,1.33017701313976,0.00309479436692469,500
